"Origen_financiamiento","instrumento","institucion_financiante","institucion_madre_o_programa_paraguas","area_disciplinar","objetivo_y_alcance_breve","fecha_convocatoria","perfil_investigador_elegible","etapa_carrera","tipo_investigacion","requiere_cofinanciamiento","monto_financiamiento","moneda","duracion_financiamiento","frecuencia_apertura_llamado","elegibilidad_chile","elegibilidad_universidad_chilena","rol_permitido_para_postulante","gastos_financiables","estado_actual","enlaces","observaciones_dudas"
"Europa","General Research Grants: Projects","Gerda Henkel Stiftung","No aplica","Humanidades históricas; Arqueología; Historia; Historia del arte; Derecho histórico; Prehistoria e historia temprana; Estudios islámicos; otras humanidades con enfoque histórico","Financia proyectos de investigación en humanidades históricas. Permite solicitar becas de investigación para participantes, viajes, materiales y contratos menores vinculados al proyecto.","Próxima fecha verificable: 28 mayo 2026 para reunión de comité de otoño; solicitudes menores hasta EUR 30.000 sin fecha fija (check)","Investigadores/as individuales o pequeños equipos; solicitantes deben participar activamente en la investigación y publicar resultados propios.","Doctoral; Postdoctoral; Consolidado","Investigación básica; Interdisciplinaria","No","No hay monto máximo general explícito; solicitudes menores hasta EUR 30.000 por procedimiento simplificado (check)","EUR","No encontrado","Anual; Permanente para solicitudes menores (check)","Sí (convocatoria internacional; proyectos financiados mundialmente)","Sí (se permite cuenta institucional para fondos aprobados; universidad chilena plausible como institución administradora) (check)","Investigador/a principal o líder de proyecto","Becas de investigación, viajes, materiales, contratos para actividades menores de investigación; no cubre overheads, aranceles ni salarios ordinarios.","Recurrente","https://www.gerda-henkel-stiftung.de/en/grants_projects | https://www.gerda-henkel-stiftung.de/en/grants","Elegibilidad para universidad chilena no aparece formulada como lista de países; inferida por carácter internacional y proyectos mundiales (check)"
"Europa","Funding Programme Democracy","Gerda Henkel Stiftung","No aplica","Ciencias Sociales; Humanidades; Ciencia política; Sociología histórica; Estudios de democracia","Financia grupos de investigación postdoctorales sobre democracia, amenazas, transformaciones y futuros democráticos, con enfoque histórico o contemporáneo.","Última fecha verificable: 3 junio 2026 (check)","Investigadores/as postdoctorales con vínculo universitario; grupos de al menos dos académicos/as activos/as.","Postdoctoral; Consolidado","Investigación básica; Investigación aplicada; Interdisciplinaria","No","Hasta tres becas de investigación más fondos de viaje y equipamiento; becas desde EUR 2.760/mes para postdocs y EUR 3.720/mes para investigadores/as senior según categoría","EUR","Máximo 36 meses","No claro (check)","Sí (convocatoria internacional; no restringida explícitamente a Alemania) (check)","Sí (requiere vínculo universitario; una universidad chilena parece admisible si cumple condiciones institucionales) (check)","Líder de proyecto / solicitante principal activo/a en la investigación","Becas postdoctorales o de investigación, viaje y equipamiento; no cubre overheads ni aranceles.","Recurrente","https://www.gerda-henkel-stiftung.de/en/democracy?page_id=57 | https://fundit.fr/en/calls/gerda-henkel-grantsfunding-programme-democracy","Fuente secundaria usada para fecha/montos detallados cuando la página oficial no mostraba todo en el extracto; verificar bases completas antes de postular (check)"
"Europa","Funding Programme Lost Cities","Gerda Henkel Stiftung","No aplica","Arqueología; Historia urbana; Humanidades históricas; Ciencias Sociales urbanas con enfoque histórico","Apoya proyectos de investigación sobre ciudades abandonadas, ruinas urbanas y transformaciones históricas de asentamientos urbanos.","No encontrado","Investigadores/as postdoctorales basados/as en universidad y del área de humanidades o ciencias sociales.","Postdoctoral; Consolidado","Investigación básica; Interdisciplinaria","No","Becas de investigación; fondos para personal, viajes, equipamiento/materiales; monto máximo no encontrado","EUR","No encontrado","No claro (check)","Sí (convocatoria internacional; no se encontró restricción nacional) (check)","Sí (requiere base universitaria) (check)","Investigador/a principal o líder de proyecto","Beca para solicitante principal, becas para participantes, personal, viajes, equipamiento y materiales.","Vigencia no verificada (check)","https://www.gerda-henkel-stiftung.de/en/lost_cities","Vigencia y fecha de nueva convocatoria no verificadas (check)"
"Europa","Funding Programme Forced Migration","Gerda Henkel Stiftung","No aplica","Ciencias Sociales; Humanidades; Migración; Derechos humanos; Historia; Antropología; Sociología","Financia proyectos sobre migración forzada y desplazamiento, con posibilidad de becas para solicitantes y participantes, así como costos de investigación.","No encontrado","Investigadores/as principales y grupos de investigación; perfil exacto no encontrado en detalle.","Postdoctoral; Consolidado; No encontrado","Investigación básica; Investigación aplicada; Interdisciplinaria","No","Becas de investigación y fondos complementarios; monto máximo no encontrado","EUR","No encontrado","No claro (check)","Sí (convocatoria internacional; no se encontró restricción nacional) (check)","Sí (si la universidad chilena puede administrar fondos o acreditar vínculo institucional) (check)","Investigador/a principal o solicitante principal","Becas de investigación para solicitante(s), becas doctorales o de investigación para participantes, viaje, materiales y otros costos vinculados.","Vigencia no verificada (check)","https://www.gerda-henkel-stiftung.de/en/forced_migration","Información sintética; se requiere verificar bases vigentes y fecha antes de postular (check)"
"Europa","Funding Programme Security, Society and the State","Gerda Henkel Stiftung","No aplica","Ciencias Sociales; Humanidades; Seguridad; Estado; Sociología; Ciencia política; Historia","Apoya investigación sobre seguridad, sociedad y Estado, incluyendo problemas contemporáneos y su contextualización histórica.","No encontrado","Investigadores/as con proyecto de investigación; perfil exacto no encontrado en detalle.","Postdoctoral; Consolidado; No encontrado","Investigación básica; Investigación aplicada; Interdisciplinaria","No","No encontrado","EUR","No encontrado","No claro (check)","Sí (convocatoria internacional de la fundación; no se encontró restricción nacional) (check)","Sí (si existe vínculo y administración institucional) (check)","Investigador/a principal o solicitante principal","Becas de investigación, viaje, materiales y apoyo a actividades del proyecto; detalle no encontrado.","Vigencia no verificada (check)","https://www.gerda-henkel-stiftung.de/en/projects","No se encontró página específica con bases vigentes en la búsqueda; registrar como verificable solo a nivel de programa activo de la fundación (check)"
"Europa","Patrimonies Funding Initiative","Gerda Henkel Stiftung","No aplica","Patrimonio cultural; Arqueología; Humanidades; Historia; Conservación patrimonial","Considera proyectos relacionados con preservación de patrimonio cultural histórico, especialmente en regiones en crisis; puede incluir componentes de investigación y documentación patrimonial.","No encontrado","Instituciones o equipos vinculados a patrimonio histórico; perfil exacto no encontrado.","Todas las etapas; No encontrado","Investigación aplicada; Interdisciplinaria","No encontrado","No encontrado","EUR","No encontrado","No claro (check)","Sí (no se encontró restricción nacional explícita) (check)","No claro (check)","Responsable de proyecto o institución solicitante (check)","Preservación patrimonial, documentación, materiales, trabajo de campo y otros costos relacionados; detalle no encontrado.","Vigencia no verificada (check)","https://www.gerda-henkel-stiftung.de/en/patrimonies_en","Puede ser más patrimonial que investigación académica estricta; incluir solo si el proyecto tiene componente investigativo claro (check)"
"Europa","Research Grants","Fondation Fyssen","No aplica","Psicología; Antropología; Arqueología; Etología; Paleontología; Epistemología; Lógica; Ciencias del sistema nervioso","Financia investigaciones sobre mecanismos cognitivos y del comportamiento en seres vivos, incluyendo fundamentos biológicos y culturales.","Última convocatoria verificable: 2025; fecha exacta no encontrada en fuente oficial resumida (check)","Investigadores/as que lideren un proyecto en las áreas elegibles; salario del IP no financiable.","Postdoctoral; Consolidado","Investigación básica; Interdisciplinaria","No encontrado","Hasta EUR 100.000","EUR","No encontrado","Anual (check)","Sí (convocatoria internacional; no se encontró restricción territorial para IP) (check)","Sí (si la universidad chilena actúa como laboratorio/institución de adscripción) (check)","Investigador/a principal","Equipamiento, materiales, consumibles, salarios excepto IP, servicios especializados, viajes de investigación o congresos, costos de publicación.","Recurrente","https://www.fondationfyssen.fr/en/our-actions/research-grants/ | https://www.fondationfyssen.fr/en/our-actions/","La fuente oficial no explicita Chile por nombre; elegibilidad internacional debe confirmarse en formulario vigente (check)"
"Europa","Post-doctoral Study Grants","Fondation Fyssen","No aplica","Psicología; Antropología; Arqueología; Etología; Paleontología; Epistemología; Lógica; Ciencias del sistema nervioso","Apoya proyectos postdoctorales en disciplinas vinculadas al estudio de mecanismos del comportamiento y procesos cognitivos.","Convocatoria 2026 cerrada al 31 marzo 2026 (check)","Investigadores/as postdoctorales; investigadores extranjeros normalmente realizan el proyecto en Francia y franceses en el extranjero según reglas históricas (check).","Postdoctoral","Investigación básica; Interdisciplinaria","No encontrado","Monto anual histórico hasta EUR 45.000 o monto no encontrado en página oficial resumida (check)","EUR","8 a 12 meses según fuentes históricas/secundarias (check)","Anual","Sí, pero usualmente condicionado a realizar estancia/proyecto en Francia si el/la investigador/a es extranjero/a (check)","No claro (check)","Investigador/a postdoctoral responsable del proyecto","Manutención/estancia, costos asociados al proyecto postdoctoral; detalle completo no encontrado.","Cerrada","https://www.fondationfyssen.fr/en/our-actions/study-grants/ | https://iamhrf.org/grant-opportunities/post-doctoral-study-grants-human-sciences-worldwide/","Se asemeja a beca/estancia postdoctoral; incluir solo si se acepta como proyecto postdoctoral financiado, no como simple movilidad (check)"
"Europa","Jacobs CIFAR Research Fellowship Program","Jacobs Foundation; CIFAR","Jacobs Foundation Research Fellowship Program","Educación; Psicología; Sociología; Ciencias del aprendizaje; Desarrollo infantil y juvenil; Interdisciplinario","Financia investigación independiente de investigadores/as tempranos/as o de media carrera sobre aprendizaje y desarrollo de niños/as y jóvenes en distintos contextos.","Convocatoria 2027-2029: cierre 2 febrero 2026; llamada publicada 24 noviembre 2025","Investigadores/as con PhD obtenido dentro de los últimos 10 años y potencial para trabajo interdisciplinario y conexión con práctica/política.","Carrera temprana; Postdoctoral","Investigación básica; Investigación aplicada; Interdisciplinaria","No encontrado","No encontrado en la fuente oficial consultada; financiamiento institucional por tres años","No encontrado","3 años","Anual","Sí (programa globalmente competitivo; aprendizaje/desarrollo infantil mundial)","Sí (fondos se entregan directamente a la institución del/la fellow; universidad chilena plausible) (check)","Fellow / investigador/a responsable del proyecto","Parte del salario, asistentes, equipamiento, asistencia técnica, viajes profesionales y apoyo a trainees.","Cerrada","https://jacobsfoundation.org/activity/jacobs-foundation-research-fellowship-program/ | https://jacobsfoundation.org/2027-29-call-for-applications-jacobs-cifar-research-fellowship/","Monto no encontrado en extracto oficial; verificar guía de postulación completa (check)"
"Europa","LEVANTE 2026 Call for Proposals","Jacobs Foundation","Learning Variability Network Exchange (LEVANTE)","Educación; Psicología; Desarrollo infantil; Ciencias del aprendizaje; Interdisciplinario","Financia proyectos que se sumen a una red global para estudiar variabilidad del aprendizaje infantil en distintos contextos.","Abierta del 13 abril al 10 junio 2026","Equipos de investigación que propongan proyectos sobre niños/as de 5 a 12 años y variabilidad del aprendizaje; se alientan regiones subrepresentadas.","Todas las etapas; No encontrado","Investigación básica; Investigación aplicada; Interdisciplinaria","No encontrado","Fondo total USD 6.000.000; financiamiento individual hasta USD 1.000.000","USD","No encontrado para 2026; versión 2025 indicaba duración mínima de 4 años (check)","Anual (check)","Sí (convocatoria global; fomenta regiones subrepresentadas)","Sí (postulación desde institución académica; universidad chilena plausible) (check)","Investigador/a principal o responsable de proyecto (check)","Costos de investigación para integrarse a la red LEVANTE; categorías específicas no encontradas en extracto.","Abierta","https://jacobsfoundation.org/levante-opens-2026-call-for-proposals/ | https://jacobsfoundation.org/news/","Revisar sitio LEVANTE para bases completas; gastos y condiciones institucionales no visibles en extracto (check)"
"Europa","Klaus J. Jacobs Research Prize","Jacobs Foundation","No aplica","Educación; Psicología; Desarrollo infantil y juvenil; Interdisciplinario","Reconoce a investigadores/as excepcionales en aprendizaje y desarrollo infantil/juvenil y entrega una dotación para apoyar su investigación futura.","Última convocatoria verificable: cierre 31 enero 2025; estado 2026 no encontrado","Investigador/a individual activo/a, con años de vida laboral activa por delante; organizaciones y equipos no pueden postular.","Consolidado","Investigación básica; Investigación aplicada; Interdisciplinaria","No encontrado","CHF 1.000.000","CHF","No encontrado","Anual (check)","Sí (convocatoria internacional; postulaciones/nominaciones de investigadores individuales) (check)","No claro (check)","Investigador/a individual premiado/a; no necesariamente IP de un proyecto concursable (check)","Dotación para apoyar investigación; categorías de gasto no encontradas.","Vigencia no verificada (check)","https://jacobsfoundation.org/activity/the-klaus-j-jacobs-research-prize/ | https://jacobsfoundation.org/klaus-j-jacobs-research-prize-eligibility/","Es un premio con dotación de investigación; criterio discutible frente a exclusión de premios sin proyecto específico (check)"
"Europa","AXA Chairs","AXA Foundation for Human Progress / AXA Research Fund","No aplica","Interdisciplinario; Ciencias Sociales y Humanidades; Economía; Riesgos; Salud; Clima; Tecnología; Sociedad","Financia cátedras de investigación transdisciplinaria de largo plazo lideradas por investigadores/as senior sobre riesgos complejos, integrando SSH/economía con ciencias naturales, ingeniería o tecnología y socios no académicos.","Convocatoria 2026 abierta según página oficial; guía publicada abril 2026 (check)","Investigadores/as senior con PhD +10 años; instituciones académicas de todo el mundo registradas en base AXA.","Consolidado","Investigación aplicada; Interdisciplinaria; I+D","No encontrado","Hasta EUR 1.500.000","EUR","5 años","No claro (check)","Sí (abierta a investigadores/as e instituciones académicas worldwide)","Sí (universidad chilena elegible si está/puede estar registrada como institución académica AXA) (check)","Chair holder / investigador/a senior líder","Red de investigación, personal, actividades de investigación, colaboración transdisciplinaria y socios no académicos; categorías detalladas en guía.","Abierta","https://axafoundation.org/en/science/fund-your-research | https://institution.axa-research.org/guidelines.pdf | https://institution.axa-research.org/","Debe integrar al menos una disciplina SSH/economía y una natural/ingeniería/tecnología; no es exclusivo de ciencias sociales (check)"
"Europa","Open Up – New Research Spaces for the Humanities and Cultural Studies","VolkswagenStiftung","No aplica","Humanidades; Estudios culturales; Interdisciplinario","Financia proyectos que abren nuevos espacios de investigación en humanidades y estudios culturales, con enfoques novedosos y exploratorios.","No encontrado","Investigadores/as en humanidades y estudios culturales; elegibilidad institucional completa no encontrada.","Postdoctoral; Consolidado; No encontrado","Investigación básica; Interdisciplinaria","No encontrado","No encontrado","EUR","No encontrado","No claro (check)","No claro (check)","No claro (check)","Investigador/a principal o equipo de proyecto (check)","No encontrado","Vigencia no verificada (check)","https://www.volkswagenstiftung.de/en/funding/funding-offer/open-new-research-spaces-humanities-and-cultural-studies","La VolkswagenStiftung suele exigir vínculo con institución alemana en varias líneas; no se verificó si universidad chilena puede ser institución líder (check)"
"Europa","Transformational Knowledge on Democracies under Change – Transdisciplinary Perspectives","VolkswagenStiftung","No aplica","Ciencias Sociales; Humanidades; Estudios culturales; Democracia; Interdisciplinario","Apoya grupos transdisciplinarios sobre democracias en cambio, integrando investigadores/as de humanidades, ciencias culturales y sociales con actores extraacadémicos.","No encontrado","Investigadores/as doctorados/as en humanidades, estudios culturales o ciencias sociales; grupos con 2-3 investigadores/as y actores no académicos.","Postdoctoral; Consolidado","Investigación aplicada; Interdisciplinaria","No encontrado","No encontrado","EUR","No encontrado","No claro (check)","No claro (check)","No claro (check)","Líder de proyecto o co-PI (check)","No encontrado","Vigencia no verificada (check)","https://www.volkswagenstiftung.de/en/funding/funding-offer/transformational-knowledge-democracies-under-change-transdisciplinary-perspectives","Aunque menciona investigadores/as internacionales, no quedó verificado que un/a residente en Chile pueda ser IP con universidad chilena como institución administradora (check)"
"Europa","Horizon Europe – Cluster 2: Culture, Creativity and Inclusive Society, Research and Innovation Actions","Comisión Europea","Horizon Europe","Ciencias Sociales y Humanidades; Democracia; Patrimonio cultural; Transformaciones sociales y económicas; Educación según tópico","Financia proyectos colaborativos de investigación e innovación en democracia, gobernanza, patrimonio, cultura y transformaciones sociales/económicas, con fuerte componente SSH.","Work Programme 2025 vigente; nuevas programaciones 2026-2027 publicadas parcialmente (check)","Consorcios internacionales; entidades de terceros países pueden participar, pero la coordinación y financiamiento dependen de reglas Horizon Europe.","Todas las etapas","Investigación aplicada; I+D; Interdisciplinaria","No encontrado","Según tópico; montos por topic no sistematizados en esta fila","EUR","Según tópico","Anual","No claro (check)","No claro (check)","Socio de consorcio; rol de coordinador/IP desde Chile no verificado y financiamiento UE para Chile no automático (check)","Personal, viajes, subcontratación, equipamiento, otros costos directos elegibles según acuerdo de subvención; detalle depende del tópico.","Recurrente","https://research-and-innovation.ec.europa.eu/research-area/social-sciences-and-humanities_en | https://euraxess.ec.europa.eu/worldwide/lac | https://research-and-innovation.ec.europa.eu/funding/funding-opportunities/funding-programmes-and-open-calls/horizon-europe_en","Chile no figura entre países LAC automáticamente financiables según EURAXESS; puede participar, pero financiamiento y rol de IP requieren verificación por tópico o financiamiento complementario (check)"
"Europa","MSCA Staff Exchanges","Comisión Europea","Marie Skłodowska-Curie Actions / Horizon Europe","Todas las áreas; Ciencias Sociales y Humanidades; Educación; Psicología; Interdisciplinario","Financia proyectos colaborativos internacionales basados en intercambio de personal para investigación e innovación, transferencia de conocimiento y colaboración intersectorial.","Work Programme 2023-2025; fechas 2026 no encontradas en la búsqueda (check)","Universidades y organizaciones de investigación en consorcios internacionales; terceros países pueden participar según reglas MSCA.","Todas las etapas","Investigación aplicada; I+D; Interdisciplinaria","No encontrado","Según convocatoria; contribuciones unitarias MSCA por persona-mes (monto específico no encontrado)","EUR","Hasta 4 años en versiones habituales (check)","Anual","No claro (check)","Sí (universidades chilenas pueden participar como terceros países; financiamiento directo no siempre automático) (check)","Socio de proyecto; coordinación/IP desde Chile no verificada (check)","Costos asociados a secondments, investigación, networking, capacitación y gestión según reglas MSCA.","Recurrente","https://marie-sklodowska-curie-actions.ec.europa.eu/resources/documents/marie-sklodowska-curie-actions-work-programme-2023-2025 | https://euraxess.ec.europa.eu/worldwide/lac","Incluye movilidad/intercambio como mecanismo central; puede caer en exclusión si no se considera proyecto de investigación colaborativo (check)"
"América del Norte","Research Grants on Education: Small","The Spencer Foundation","No aplica","Educación; Ciencias Sociales; Psicología; Sociología; Antropología; Humanidades; Interdisciplinario","Financia proyectos de investigación académica sobre educación, aprendizaje y mejora de la educación, con diversidad metodológica y disciplinar.","Última versión verificable: convocatoria cerrada; el programa indica dos ciclos por año.","Investigadores/as con doctorado; estudiantes de postgrado pueden integrar el equipo pero no figurar como PI o Co-PI.","Postdoctoral; Carrera temprana; Consolidado","Investigación básica; Investigación aplicada; Interdisciplinaria","No claro (check)","Hasta 50.000","USD","1 a 5 años","Bianual","Sí","Sí","PI o Co-PI, afiliado/a a organización sin fines de lucro o institución pública/gubernamental administradora.","Costos directos de investigación; posible suplemento para course release; gastos deben corresponder a investigación en educación.","Recurrente","https://www.spencer.org/grant_types/small-research-grant","Propuestas aceptadas internacionalmente y universidades fuera de EE. UU. pueden ser organización equivalente; revisar políticas vigentes y overhead antes de postular (check)."
"América del Norte","Research Grants on Education: Large","The Spencer Foundation","No aplica","Educación; Ciencias Sociales; Psicología; Sociología; Antropología; Humanidades; Interdisciplinario","Financia proyectos de investigación académica rigurosos y ambiciosos sobre educación, aprendizaje y mejora de la educación.","Última versión verificable: desde 2026 contempla un ciclo anual de prepropuestas.","Investigadores/as con doctorado; estudiantes de postgrado pueden integrar el equipo pero no figurar como PI o Co-PI.","Postdoctoral; Carrera temprana; Consolidado","Investigación básica; Investigación aplicada; Interdisciplinaria","No","125.000 a 500.000","USD","1 a 5 años","Anual","Sí","Sí","PI o Co-PI, afiliado/a a organización sin fines de lucro o institución pública/gubernamental administradora.","Costos directos de investigación; hasta 15% de costos indirectos incluidos en el presupuesto total.","Recurrente","https://www.spencer.org/grant_types/large-research-grant","Elegibilidad internacional explícita; confirmar calendario vigente de prepropuesta y requisitos institucionales al postular (check)."
"América del Norte","Racial Equity Research Grants","The Spencer Foundation","No aplica","Educación; Equidad racial; Ciencias Sociales; Psicología; Sociología; Estudios de género; Interdisciplinario","Apoya investigación en educación orientada a comprender y desarticular desigualdades raciales y avanzar hacia la equidad educativa.","Aplicaciones abiertas: 16 de marzo de 2026; Full Proposal Deadline: 1 de julio de 2026, 12:00 PM CT. Intent to Apply ya vencido.","Investigadores/as afiliados/as a organización sin fines de lucro o institución pública/gubernamental; requisitos específicos de PI/Co-PI según convocatoria.","Postdoctoral; Carrera temprana; Consolidado","Investigación básica; Investigación aplicada; Interdisciplinaria","No","Hasta 75.000","USD","1 a 5 años","Anual","Sí","Sí","PI o Co-PI, afiliado/a a organización administradora elegible.","Costos directos del proyecto; no incluye costos indirectos según la descripción del programa.","Abierta","https://www.spencer.org/grant_types/racial-equity-special-research-grants","El plazo de Intent to Apply ya pasó; solo sería viable para postulantes que lo hayan completado oportunamente (check)."
"América del Norte","Research-Practice Partnerships: Collaborative Research for Educational Change","The Spencer Foundation","No aplica","Educación; Ciencias Sociales; Psicología; Sociología; Políticas públicas; Interdisciplinario","Financia alianzas investigación-práctica para investigación colaborativa orientada al cambio educativo.","Última versión verificable: convocatoria recurrente; revisar ciclo vigente en portal.","Investigadores/as o socios/as de práctica/política con doctorado o experiencia profesional apropiada; estudiantes no pueden ser PI o Co-PI.","Carrera temprana; Consolidado; Todas las etapas","Investigación aplicada; Interdisciplinaria","No","Hasta 400.000, incluyendo hasta 15% de costos indirectos","USD","Hasta 3 años","No claro (check)","Sí","Sí","PI o Co-PI; el PI administrador puede ser del lado investigador o de práctica/política.","Costos de investigación colaborativa; personal, actividades de alianza, análisis, difusión y costos directos del proyecto; hasta 15% de indirectos.","Recurrente","https://www.spencer.org/grant_types/research-practice-partnerships","Elegibilidad internacional explícita; requiere al menos un Co-PI desde la contraparte de práctica/política o investigación según corresponda (check)."
"América del Norte","Vision Grants","The Spencer Foundation","No aplica","Educación; Ciencias Sociales; Psicología; Sociología; Humanidades; Interdisciplinario","Grants de planificación para imaginar y diseñar proyectos colaborativos, metodológicamente diversos, orientados a reimaginar sistemas educativos para la equidad.","Última versión verificable: dos ciclos por año; revisar fechas vigentes en portal.","PI/Co-PI con experiencia apropiada, doctorado o grado terminal; estudiantes pueden integrar equipos pero no figurar como PI o Co-PI.","Carrera temprana; Consolidado; Todas las etapas","Interdisciplinaria; Investigación aplicada","No","Hasta 75.000","USD","Hasta 12 meses","Bianual","Sí","Sí","PI o Co-PI, afiliado/a a organización sin fines de lucro o institución pública/gubernamental administradora.","Planificación de investigación; reuniones de equipo; diseño metodológico; colaboración con comunidades, educadores, gobiernos o actores de política; no costos indirectos.","Recurrente","https://www.spencer.org/grant_types/vision-grants","Financia planificación de investigación, no ejecución plena; los equipos financiados pueden postular luego a Transformative Research Grant u otros programas (check)."
"América del Norte","Dissertation Fieldwork Grant","Wenner-Gren Foundation","No aplica","Antropología; Arqueología; Ciencias Sociales; Humanidades; Interdisciplinario","Financia investigación de campo para tesis doctoral en antropología o campos relacionados, con contribución esperada al conocimiento antropológico.","Plazos anuales: 1 de mayo y 1 de noviembre; próxima ventana verificable: 1 de noviembre de 2026 para proyectos que comiencen entre julio y diciembre del año siguiente.","Estudiantes doctorales matriculados/as en programa doctoral o equivalente, con requisitos cumplidos salvo tesis antes del inicio del proyecto.","Doctoral","Investigación básica; Investigación aplicada; Interdisciplinaria","No","Hasta 25.000","USD","No hay límite general de duración indicado; debe ajustarse a fases de investigación propuestas.","Anual","Sí","Sí","Postulante principal doctoral; debe designar supervisor/a de la misma institución.","Trabajo de campo, asistentes, viajes de investigación y gastos justificados del proyecto; no overhead institucional.","Recurrente","https://wennergren.org/program/dissertation-fieldwork-grant/ | https://wennergren.org/application-guide/dissertation-fieldwork-grant/","Elegibilidad por nacionalidad e institución explícitamente amplia; confirmar si la universidad chilena acepta administrar o respaldar el flujo de fondos cuando corresponda (check)."
"América del Norte","Post-PhD Research Grant","Wenner-Gren Foundation","No aplica","Antropología; Arqueología; Ciencias Sociales; Humanidades; Interdisciplinario","Financia proyectos individuales de investigación de doctorados/as en antropología o campos relacionados.","Plazos anuales: 1 de mayo y 1 de noviembre; próxima ventana verificable: 1 de noviembre de 2026 para proyectos que comiencen entre julio y diciembre del año siguiente.","Investigadores/as con doctorado en antropología o área relacionada; incluye investigadores independientes y senior.","Postdoctoral; Carrera temprana; Consolidado","Investigación básica; Investigación aplicada; Interdisciplinaria","No","Hasta 25.000","USD","No hay límite general de duración indicado; puede cubrir fases distintas de investigación.","Anual","Sí","Sí","Postulante principal individual; investigador/a responsable del proyecto.","Trabajo de campo, asistentes, viajes de investigación y otros gastos justificados; no overhead institucional ni fees administrativos.","Recurrente","https://wennergren.org/program/post-phd-research-grant/ | https://wennergren.org/application-guide/post-phd-research-grant/","Elegibilidad por nacionalidad o adscripción institucional explícitamente amplia; no exige universidad, pero la adscripción chilena es compatible (check)."
"América del Norte","Engaged Research Grant","Wenner-Gren Foundation","No aplica","Antropología; Arqueología; Ciencias Sociales; Interdisciplinario; Investigación comunitaria","Financia investigación antropológica comprometida, desarrollada en alianza con comunidades o actores con experiencia vivida en el contexto de investigación.","Deadline anual: 1 de agosto; proyectos pueden comenzar no antes del 1 de abril del año siguiente.","Equipos con doctorados/as o estudiantes doctorales en antropología o campos relacionados; incluye aliados comunitarios.","Doctoral; Postdoctoral; Carrera temprana; Consolidado","Investigación aplicada; Interdisciplinaria","No","Hasta 25.000","USD","No hay límite general de duración indicado.","Anual","Sí","Sí","Applicant of record; debe tener doctorado o estar matriculado/a en doctorado en antropología o área relacionada.","Costos de investigación colaborativa, trabajo de campo, asistentes, comunicación académica y pública; no overhead institucional.","Abierta","https://wennergren.org/program/engaged-research-grant/ | https://wennergren.org/application-guide/engaged-research-grant/","Requiere evidencia de compromiso y apoyo comunitario; no puede combinarse el mismo año con Dissertation Fieldwork o Post-PhD Research Grant (check)."
"América del Norte","Global Initiatives Grant","Wenner-Gren Foundation","No aplica","Antropología; Ciencias Sociales; Humanidades; Interdisciplinario","Financia iniciativas globales que avancen conocimiento antropológico, impacto, inclusión y condiciones del campo según tema anual.","Deadline anual: 15 de mayo; proyectos comienzan el 1 de enero del año siguiente.","Organizador/a principal con doctorado en antropología o área relacionada; equipos de académicos/as; estudiantes pueden ser co-postulantes.","Postdoctoral; Carrera temprana; Consolidado","Investigación aplicada; Interdisciplinaria","No","Hasta 80.000","USD","No hay límite general de duración indicado.","Anual","Sí","Sí","Organizador/a principal o investigador/a responsable con doctorado.","Costos detallados de la iniciativa/proyecto; no overhead institucional.","Abierta","https://wennergren.org/program/global-initiatives-grant/ | https://wennergren.org/application-guide/global-initiatives-grant/","El instrumento puede financiar iniciativas más amplias que un proyecto de investigación tradicional; evaluar ajuste al tema anual antes de postular (check)."
"América del Norte","Research Grants","The Leakey Foundation","No aplica","Arqueología; Antropología biológica; Paleoantropología; Primatología; Evolución humana; Ciencias Sociales relacionadas","Financia proyectos relevantes para orígenes humanos, evolución, comportamiento y supervivencia, incluyendo trabajo de campo y laboratorio.","Próximo plazo verificable: 15 de julio de 2026.","Estudiantes doctorales avanzados/as a candidatura y personas con PhD; deben estar afiliados/as a una institución como universidad o museo.","Doctoral; Postdoctoral; Carrera temprana; Consolidado","Investigación básica; Investigación aplicada","No","Hasta 20.000 para candidatos/as doctorales; hasta 30.000 para postdoctorales y científicos/as senior","USD","No encontrado","Anual","Sí","Sí","PI; una propuesta como investigador/a principal por ciclo.","Viajes, gastos de vida durante trabajo de campo, suministros, asistencia de investigación y otros gastos relevantes; no salarios de PI, matrícula, overhead, publicación ni equipamiento.","Abierta","https://leakeyfoundation.org/grant/research/","El área elegible está limitada a orígenes humanos; investigadores/as de humanidades/ciencias sociales solo aplican si el proyecto calza con prioridades de la Fundación (check)."
"América del Norte","National Geographic Society Grants and Investments - Human Histories & Cultures focus area","National Geographic Society","Grants and Investments","Humanidades; Antropología; Arqueología; Patrimonio; Educación; Ciencias Sociales; Interdisciplinario","Apoya proyectos individuales alineados con foco Human Histories & Cultures: preservar conocimiento cultural y comprender historias, culturas, diversidad y evolución humana.","Convocatorias actuales varían por RFP; página verificada el 6 de mayo de 2026 con oportunidades abiertas entre mayo y junio de 2026.","Personas mayores de 18 años con experiencia y conexión con el contexto local del proyecto; responsable individual debe redactar solicitud y figurar como project leader.","Todas las etapas","Investigación aplicada; Interdisciplinaria; No encontrado","No encontrado","No encontrado","USD","No encontrado","Irregular","Sí","No claro (check)","Project leader individual.","Costos del proyecto según lineamientos de presupuesto; incluye actividades de investigación, conservación, educación, storytelling o tecnología según RFP.","Abierta","https://www.nationalgeographic.org/society/grants-and-investments/","No todas las RFP son investigación académica; registrar solo cuando la oportunidad específica financie investigación/patrimonio/conocimiento y permita liderazgo desde Chile (check)."
"América del Norte","National Geographic Society - Preserving Traditional Arts","National Geographic Society; Lindblad Expeditions","Grants and Investments","Humanidades; Patrimonio cultural; Antropología; Artes tradicionales; Educación; Interdisciplinario","Convocatoria para proyectos que apoyen a artistas tradicionales, portadores de conocimiento y practicantes de patrimonio cultural para preservar patrimonio comunitario.","Submission deadline: 4 de junio de 2026, 11:59 PM EDT.","Personas mayores de 18 años; project leader con conexión fuerte con el contexto local y responsable de ejecutar el proyecto.","Todas las etapas","Investigación aplicada; Interdisciplinaria","No encontrado","No encontrado","USD","No encontrado","Puntual","Sí","No claro (check)","Project leader individual.","Costos de proyecto según presupuesto de la convocatoria; preservación cultural, documentación, actividades con comunidades, materiales y difusión según RFP.","Abierta","https://www.nationalgeographic.org/society/grants-and-investments/","Puede no ser investigación académica en sentido estricto; incluir solo si el proyecto contempla investigación, documentación o producción de conocimiento sobre patrimonio (check)."
"América del Norte","Research Grant Program","Internet Society Foundation","No aplica","Ciencias Sociales; Educación; Comunicación; Políticas digitales; Tecnología y sociedad; Interdisciplinario","Financia investigación global sobre impactos sociales, ambientales y tecnológicos de Internet, incluyendo acceso inclusivo, sostenibilidad, conectividad significativa y confianza.","Aplicaciones: 7 de abril a 22 de mayo de 2026, 21:00 UTC.","Investigadores/as individuales u organizaciones/instituciones de todo el mundo; se alienta postulación de grupos subrepresentados y Global Majority.","Todas las etapas","Investigación básica; Investigación aplicada; Interdisciplinaria","No encontrado","Hasta 200.000 para investigadores/as independientes; hasta 500.000 para organizaciones e instituciones","USD","No encontrado","Irregular","Sí","Sí","Investigador/a principal individual o institución/organización postulante.","Costos de investigación y colaboración vinculados al proyecto; detalles específicos en formulario y lineamientos de la convocatoria.","Abierta","https://www.isocfoundation.org/grant-programme/research-grant-programme/ | https://www.isocfoundation.org/2026/04/applications-open-for-the-research-grant-program/","Áreas disciplinares aplican si el proyecto aborda dimensiones sociales, educativas, regulatorias o culturales de Internet; revisar gastos permitidos en bases completas (check)."
"América del Norte","Learning from Abroad to Reimagine Health Knowledge Systems for Equity and Wellbeing","Robert Wood Johnson Foundation","Global Ideas Fund / Charities Aid Foundation of America (CAF America), para postulantes internacionales seleccionados","Ciencias Sociales; Psicología; Salud mental; Políticas públicas; Educación; Equidad; Interdisciplinario","Financia investigación y aprendizaje comparado internacional para reimaginar sistemas de conocimiento en salud orientados a equidad y bienestar, con foco en salud equity en EE. UU.","Convocatoria activa 2026; fechas específicas deben confirmarse en portal ANR/RWJF.","Organizaciones con PI/project director/lead; postulantes internacionales son elegibles, con premio recomendado vía Global Ideas Fund/CAF America.","Todas las etapas","Investigación aplicada; Interdisciplinaria","No encontrado","No encontrado","USD","No encontrado","Puntual","Sí","Sí","Project director/lead o PI institucional.","Costos de investigación, aprendizaje comparado, colaboración y diseminación según RFP.","Abierta","https://www.rwjf.org/en/grants/active-funding-opportunities/2026/learning-from-abroad-to-reimagine-health-knowledge-systems-for-equity-and-wellbeing.html","Todos los proyectos deben enfocarse en mejorar la equidad en salud en EE. UU.; no financia proyectos exclusivamente fuera de EE. UU. (check)."
"América del Norte","Researchers in the Global South Grants Program","Society for the Psychological Study of Social Issues (SPSSI)","No aplica","Psicología; Ciencias Sociales; Estudios de género; Racismo; Prejuicio; Problemas sociales; Interdisciplinario","Financia investigación científica sobre problemas sociales en el Sur Global y Majority World, especialmente proyectos reales y no piloto.","Plazos anuales: 1 de octubre y 1 de mayo.","Miembros/as de SPSSI; preferencia para investigadores/as basados/as en el Sur Global que investiguen problemas sociales en el Sur Global.","Doctoral; Postdoctoral; Carrera temprana; Consolidado","Investigación básica; Investigación aplicada","No","Hasta 1.000 para investigación de estudiantes de postgrado; hasta 2.000 para investigadores/as con PhD; excepcionalmente puede exceder 2.000","USD","No encontrado","Bianual","Sí","Sí","Investigador/a solicitante; puede haber postulaciones conjuntas.","Actividades de investigación; no cubre costos indirectos institucionales.","Recurrente","https://www.spssi.org/index.cfm?fuseaction=page.viewPage&nodeID=1&pageID=2593","Exige membresía SPSSI; no se identifica restricción de institución chilena, pero la universidad puede figurar como afiliación del investigador/a (check)."
"América del Norte","Grants-in-Aid Program","Society for the Psychological Study of Social Issues (SPSSI)","No aplica","Psicología; Ciencias Sociales; Problemas sociales; Estudios de género; Racismo; Prejuicio; Interdisciplinario","Apoya investigación científica en áreas de problemas sociales vinculadas a los objetivos de SPSSI y poco probables de recibir apoyo tradicional.","Plazos anuales: 1 de octubre y 1 de mayo.","Miembros/as de SPSSI; estudiantes de postgrado y miembros/as con PhD.","Doctoral; Postdoctoral; Carrera temprana; Consolidado","Investigación básica; Investigación aplicada","No","Hasta 1.000 para investigación de estudiantes de postgrado; hasta 2.000 para investigadores/as con PhD; excepcionalmente puede exceder 2.000","USD","No encontrado","Bianual","Sí","Sí","Investigador/a solicitante; puede haber postulación conjunta.","Actividades de investigación; documentación IRB o equivalente; no encontrado detalle completo de categorías de gasto.","Recurrente","https://www.spssi.org/grantsinaid | https://www.spssi.org/index.cfm?fuseaction=Page.ViewPage&pageId=1978","Exige membresía SPSSI; la elegibilidad internacional no está explicitada en la página del programa, pero admite cualquier tipo de institución y no restringe país (check)."
"América del Norte","Franklin Research Grants","American Philosophical Society","No aplica","Humanidades; Ciencias Sociales; Arqueología; Educación; Todas las áreas","Apoya costos de investigación conducente a publicación en todas las áreas del conocimiento, especialmente para investigadores/as con doctorado reciente.","Plazos: 1 de octubre de 2025 y 1 de diciembre de 2025 para trabajo entre febrero/abril de 2026 y enero de 2027.","Investigadores/as con doctorado o publicaciones de calidad doctoral; candidatos/as doctorales no son elegibles.","Postdoctoral; Carrera temprana; Consolidado","Investigación básica; Investigación aplicada","No","Hasta 6.500","USD","Trabajo financiado dentro del periodo febrero/abril de 2026 a enero de 2027, según ciclo.","Bianual","Sí","No claro (check)","Solicitante individual.","Viajes a bibliotecas y archivos, compra de microfilm/fotocopias o materiales equivalentes, trabajo de campo o gastos de laboratorio.","Recurrente","https://www.amphilsoc.org/grants/franklin-research-grants","Foreign nationals not affiliated with a U.S. institution solo pueden usar el grant para investigación en EE. UU.; para Chile aplica bajo esa condición específica (check)."
"América del Norte","Visionary Grants","American Psychological Foundation (APF)","No aplica","Psicología; Ciencias Sociales; Salud mental; Violencia; Prejuicio; Equidad racial; Interdisciplinario","Financia proyectos de investigación, educación o intervención que usan psicología para resolver problemas sociales prioritarios.","Deadline 2026: 3 de abril de 2026; programa 2026 cerrado.","Estudiantes de postgrado o investigadores/as de carrera temprana hasta 10 años postdoctorado, afiliados/as a institución educativa/científica, organización sin fines de lucro o entidad gubernamental.","Doctoral; Carrera temprana","Investigación aplicada; Interdisciplinaria","No encontrado","10 grants de hasta 20.000","USD","No encontrado","Anual","Sí","Sí","Investigador/a solicitante afiliado/a a entidad elegible.","Proyecto, cronograma, presupuesto y justificación; gastos asociados a investigación, educación o intervención según propuesta.","Cerrada","https://ampsychfdn.org/funding/visionary-grants/","Postulantes internacionales pueden aplicar si cumplen requisitos y provienen de país con relaciones diplomáticas con EE. UU.; Chile cumple, pero debe verificarse documentación institucional requerida (check)."
"América del Norte","Grand Challenges Canada - Stars in Global Health (past/recurrent stream)","Grand Challenges Canada","No aplica","Salud global; Psicología; Salud mental; Educación; Ciencias Sociales; Interdisciplinario","Históricamente financia ideas audaces de etapa temprana para probar innovaciones en salud global, incluyendo dimensiones sociales, comunitarias y de bienestar.","Estado verificado: el sitio indica que actualmente no hay oportunidades abiertas; versiones históricas han operado por rondas.","Innovadores/as u organizaciones elegibles según RFP específico; versiones históricas han incluido organizaciones de Canadá o países de ingresos bajos y medios.","Todas las etapas","I+D; Investigación aplicada; Interdisciplinaria","No claro (check)","Históricamente 100.000 CAD en fase inicial; versiones de escala pueden variar","CAD","Hasta 18 meses en versiones históricas de fase inicial; no vigente para llamado actual","Irregular","No claro (check)","No claro (check)","Investigador/a o responsable de innovación según RFP específica.","Desarrollo, prueba de concepto, implementación, evaluación y escalamiento según RFP específica.","Vigencia no verificada (check)","https://www.grandchallenges.ca/apply-for-funding/ | https://www.grandchallenges.ca/portfolio/stars-in-global-health/","No hay convocatoria abierta al 6 de mayo de 2026; Chile no siempre calza por listas de LMIC según RFP, por lo que requiere verificación en futuras bases (check)."
"Oceanía","Council on Australia Latin America Relations (COALAR) Grants Program","Department of Foreign Affairs and Trade (DFAT), Australian Government / Council on Australia Latin America Relations (COALAR)","International Relations Grants Program","Ciencias Sociales y Humanidades; Educación; Estudios de género; Interdisciplinario; Cultura; Medioambiente; Pueblos originarios","Financia proyectos o actividades que fortalezcan vínculos entre Australia y América Latina. Incluye como área prioritaria Educación e Investigación, por lo que puede financiar colaboraciones académicas o institucionales de investigación de valor para ambas regiones.","2025-2026: EOI abierta 8 de agosto de 2025 y cierre 4 de septiembre de 2025; etapa 2 por invitación abierta 7 de octubre de 2025 y cierre 4 de noviembre de 2025","Personas, organizaciones, universidades u otras entidades elegibles de Australia o de países latinoamericanos listados; Chile aparece explícitamente entre los países elegibles. Si se postula a nombre de una universidad, se requiere carta de apoyo de la oficina de investigación.","Todas las etapas","Interdisciplinaria; Investigación aplicada; No claro (check)","Sí","10.000 a 50.000","AUD","Máximo 12 meses / un año desde firma de contrato","Anual","Sí","Sí","Postulante principal / organización solicitante; una universidad chilena puede ser postulante si cumple requisitos y entrega carta de apoyo (check)","Actividades de proyecto alineadas con objetivos y prioridades COALAR; presupuesto del proyecto; colaboraciones, intercambio de conocimiento, actividades académicas/institucionales. Gastos específicos definidos en el acuerdo de subvención.","Cerrada","https://www.dfat.gov.au/people-to-people/foundations-councils-institutes/coalar/grants | https://www.dfat.gov.au/people-people/council-australia-latin-america-relations-coalar-grants-eligibility | https://www.grants.gov.au/Go/Show?GoUuid=c0aa3e91-6075-467c-9892-876e1aa67ad3","(check) Aunque la prioridad incluye Educación e Investigación, el instrumento no es exclusivamente un grant académico de investigación; se recomienda verificar que el proyecto propuesto financie claramente actividades de investigación y no solo intercambio, difusión o vinculación."
"Oceanía","Global Partnerships Funding Scheme","The University of Queensland (UQ)","UQ Global Partnerships","Todas las áreas; Interdisciplinario; Ciencias Sociales y Humanidades potencialmente elegibles (check)","Financia iniciativas de colaboración internacional impulsadas por UQ, incluyendo actividades de construcción de alianzas y colaboración académica con socios globales. Existe evidencia de proyectos y vínculos con Chile, pero la elegibilidad como solicitante principal parece institucionalmente centrada en UQ.","No encontrado; rondas verificables 2024 con adjudicaciones publicadas el 26 de agosto de 2024 y 27 de noviembre de 2024","Académicos/as o unidades de UQ con socios internacionales; participación de universidades chilenas como socias es posible, pero no se verificó que una universidad chilena pueda postular como institución principal.","Todas las etapas","Interdisciplinaria; No claro (check)","No encontrado","No encontrado; adjudicaciones 2024 totalizaron AUD 116.721 en ronda inaugural y AUD 217.174 en segunda ronda","AUD","No encontrado","Irregular / No claro (check)","No claro (check)","No claro (check)","Socio internacional; rol de postulante principal para investigador/a residente en Chile no verificado (check)","Actividades de colaboración internacional, desarrollo de alianzas, iniciativas académicas y posiblemente investigación colaborativa; detalle de gastos no encontrado.","Vigencia no verificada (check)","https://global-partnerships.uq.edu.au/research/area/chile | https://global-partnerships.uq.edu.au/latin-america/chile","(check) Incluido como caso límite por evidencia de colaboración UQ-Chile y financiamiento de iniciativas de investigación/alianzas; no se verificó que investigadores/as residentes en Chile puedan postular como PI o institución principal, por lo que requiere revisión antes de considerarlo elegible."
"Oceanía","ISIF Asia Grants","APNIC Foundation","Information Society Innovation Fund (ISIF Asia)","Interdisciplinario; Desarrollo digital; Tecnología y sociedad; Educación / inclusión digital potencialmente elegible","Financia proyectos innovadores de desarrollo de Internet que aborden desafíos sociales y económicos en Asia-Pacífico, incluyendo investigación, diseño e implementación de soluciones digitales.","2025: aplicaciones abiertas el 18 de febrero de 2025 y cierre 4 de abril de 2025; 2026: convocatoria abierta para notas conceptuales según anuncios 2026","Organizaciones legalmente registradas en una economía de Asia-Pacífico dentro de la región de servicio de APNIC Foundation; individuos no son elegibles.","No encontrado","Investigación aplicada; I+D; Interdisciplinaria","No encontrado","No encontrado","No encontrado","No encontrado","Anual / No claro (check)","No claro (check)","No claro (check)","Organización solicitante registrada en economía Asia-Pacífico; rol principal para universidad chilena no verificado y probablemente no elegible (check)","Investigación, diseño e implementación de soluciones basadas en Internet; fortalecimiento de infraestructura, capacidad técnica, innovación digital e impacto socioeconómico.","Recurrente","https://apnic.foundation/grants/isif-asia/ | https://apnic.foundation/grants/isif-asia/isif-asia-faqs/ | https://blog.apnic.net/2025/02/18/2025-isif-asia-applications-now-open/","(check) Caso límite: la institución financiadora está en Oceanía/Australia y financia proyectos de investigación aplicada con impacto social, pero exige registro en economías Asia-Pacífico de la región APNIC; no se verificó elegibilidad de Chile como solicitante principal."
"Oceanía","AFIPS Pacific Social Sciences Academic Grants","Academy of the Social Sciences in Australia (ASSA) / Australia-France Indo-Pacific Studies Program (AFIPS)","Australia-France Indo-Pacific Studies Program 2024-2027","Ciencias Sociales; Interdisciplinario; Estudios del Pacífico; Medioambiente; Cambio climático; Recursos","Financia proyectos académicos de ciencias sociales orientados a fortalecer colaboraciones en torno a países insulares del Pacífico y territorios franceses de ultramar, con énfasis en investigación, trabajo de campo e intercambio académico.","2025-2026: calendario verificable con notificación de resultados a comienzos de 2026 y actividades de investigación desde 2026","Investigadores/as de carrera temprana y media afiliados/as a Australia, Francia, países Indo-Pacífico y territorios franceses de ultramar.","Carrera temprana; Consolidado","Interdisciplinaria; Investigación aplicada","No encontrado","No encontrado","No encontrado","Hasta 24 meses","Irregular / No claro (check)","No claro (check)","No claro (check)","Investigador/a principal afiliado/a a Australia, Francia, países Indo-Pacífico o territorios franceses de ultramar; rol principal para Chile no verificado y probablemente no elegible (check)","Investigación, trabajo de campo, intercambio de investigadores, talleres internacionales y actividades colaborativas; excluye pasajes en clase ejecutiva.","Vigencia no verificada (check)","https://socialsciences.org.au/our-work/international/ | https://socialsciences.org.au/wp-content/uploads/2025/09/PSS-AFIPS-2025-26-Guidelines-.pdf | https://socialsciences.org.au/wp-content/uploads/2025/09/AFIPS_Pacific_Social_Science_Academic_Grants_Guidelines_2026.pdf","(check) Caso límite: financia investigación en ciencias sociales, pero la elegibilidad geográfica se concentra en Australia, Francia, países Indo-Pacífico y territorios franceses; Chile no aparece explícitamente como país elegible."
"Oceanía","AFIPS Indo-Pacific Strategic Environment Grants","Academy of the Social Sciences in Australia (ASSA) / Australia-France Indo-Pacific Studies Program (AFIPS)","Australia-France Indo-Pacific Studies Program 2024-2027","Ciencias Sociales; Estudios estratégicos; Relaciones internacionales; Seguridad; Medioambiente; Interdisciplinario","Financia colaboraciones de ciencias sociales sobre el entorno estratégico indo-pacífico, con investigación colaborativa entre investigadores de distintas áreas geográficas elegibles.","2025-2026: convocatoria verificable en guidelines 2026","Investigadores/as de ciencias sociales que vivan y trabajen en Australia, Francia, una nación Indo-Pacífica o territorio francés de ultramar, y que colaboren con investigadores en otra localización elegible.","Carrera temprana; Consolidado; No encontrado","Interdisciplinaria; Investigación aplicada","No encontrado","No encontrado","No encontrado","No encontrado","Irregular / No claro (check)","No claro (check)","No claro (check)","Investigador/a principal en Australia, Francia, país Indo-Pacífico o territorio francés; rol principal para Chile no verificado y probablemente no elegible (check)","Actividades de investigación colaborativa; costos asociados a colaboración, reuniones, producción académica y actividades del proyecto según guidelines.","Vigencia no verificada (check)","https://socialsciences.org.au/wp-content/uploads/2026/01/IPSE-AFIPS-2025-26-Guidelines-.pdf | https://socialsciences.org.au/wp-content/uploads/2025/09/AFIPS-Strategic-Environment-Guidelines-2026.pdf | https://socialsciences.org.au/our-work/international/","(check) Caso límite: instrumento de investigación en ciencias sociales ubicado en Oceanía, pero Chile no aparece explícitamente en la elegibilidad geográfica; revisar antes de considerarlo postulable desde Chile."
"Oceanía","Humanities Travelling Fellowships","Australian Academy of the Humanities","No aplica","Humanidades; Arqueología; Historia; Estudios culturales; Humanidades digitales; Humanidades ambientales","Financia costos de investigación en el extranjero para investigadores/as de carrera temprana en humanidades, incluyendo acceso a archivos, materiales de investigación y conexión con redes académicas.","2026: guidelines publicadas en enero de 2026; convocatoria anual verificable","Investigadores/as de carrera temprana en humanidades; el instrumento está orientado a académicos/as australianos/as o vinculados/as a Australia según las bases (check).","Carrera temprana","Investigación básica; Interdisciplinaria","No","Hasta 4.000","AUD","No encontrado","Anual","No claro (check)","No claro (check)","Investigador/a solicitante; elegibilidad de residente en Chile como postulante principal no verificada (check)","Viajes, alojamiento, gastos de investigación, costos de vida vinculados a investigación en el extranjero; acceso a archivos y materiales.","Recurrente","https://humanities.org.au/grants-and-awards/humanities-travelling-fellowships/ | https://humanities.org.au/wp-content/uploads/2026/01/Humanities-Travelling-Fellowship-Guidelines-2026.pdf","(check) Caso límite: financia actividades directas de investigación, pero principalmente movilidad/archivo y no se verificó elegibilidad para investigadores residentes en Chile como postulantes principales; revisar antes de incluir en base final de oportunidades postulables."
"Oceanía","Publication Subsidy Scheme","Australian Academy of the Humanities","Sir Frederick and Peter White Fund / Australian Academy of the Humanities grants and awards","Humanidades; Arqueología; Historia; Estudios culturales; Humanidades digitales; Humanidades ambientales","Apoya costos asociados a la publicación de obras académicas que avancen conocimiento en humanidades, dirigido a investigadores/as de carrera temprana.","2026: guidelines publicadas en enero de 2026; convocatoria anual verificable","Investigadores/as de carrera temprana en humanidades; elegibilidad internacional no verificada.","Carrera temprana","Investigación básica; No claro (check)","No encontrado","Hasta 3.000","AUD","No encontrado","Anual","No claro (check)","No claro (check)","Investigador/a solicitante; rol principal desde Chile no verificado (check)","Costos asociados a publicación académica, incluidos subsidios de publicación de obras en humanidades.","Recurrente","https://humanities.org.au/grants-and-awards/publication-subsidy/ | https://humanities.org.au/wp-content/uploads/2026/01/Publication-Subsidy-Scheme-Guidelines-2026.pdf","(check) Caso límite: apoya publicación asociada a investigación, pero no financia claramente el desarrollo completo de un proyecto y no se verificó elegibilidad para postulantes residentes en Chile."
"Oceanía","Ernst & Rosemarie Keller Fund","Australian Academy of the Humanities","No aplica","Humanidades; Historia; Literatura; Lengua; Política; Cultura alemana; Estudios de Australia y Asia-Pacífico","Financia actividades de investigación de académicos/as de humanidades australianos cuyo trabajo se relacione con historia, literatura, lengua, política o cultura alemana, o contribuciones alemanas a Australia o Asia-Pacífico.","Última versión verificable 2024; instrumento trienal","Académicos/as australianos/as de humanidades; elegibilidad de investigadores/as en Chile no verificada.","No encontrado","Investigación básica; Interdisciplinaria","No encontrado","Hasta 5.000","AUD","No encontrado","Bianual / Trienal (check)","No claro (check)","No claro (check)","Investigador/a solicitante; rol principal desde Chile no verificado y probablemente no elegible (check)","Actividades de investigación; acceso a archivos, materiales, viajes u otros gastos de investigación según bases.","Vigencia no verificada (check)","https://humanities.org.au/grants-and-awards/ernst-rosemarie-keller-fund/ | https://humanities.org.au/wp-content/uploads/2024/03/Ernst-and-Rosemarie-Keller-Fund-Guidelines-2024.pdf","(check) Caso límite: financiador en Oceanía y actividad de investigación en humanidades, pero orientado a académicos/as australianos/as; no se verificó elegibilidad chilena."
"Asia","Research Grant Program: Interlinkages and Innovation for Future Societies","The Toyota Foundation","No aplica","Ciencias Sociales, Humanidades, Interdisciplinario","Financia proyectos de investigación interdisciplinarios orientados a problemas sociales y al rediseño de sistemas sociales desde la perspectiva de interrelaciones entre personas, sociedad, naturaleza y tecnología.","Apertura 1 de abril de 2026; cierre 5 de junio de 2026, 15:00 JST","Equipos de investigación de dos o más personas; representante de proyecto de 45 años o menos al inicio de la subvención y con dirección de contacto en Japón.","Carrera temprana; Todas las etapas (check)","Investigación básica; Investigación aplicada; Interdisciplinaria","No encontrado","Hasta aprox. 8.000.000 por proyecto; presupuesto total 60.000.000","JPY","2 años; 1 de noviembre de 2026 a 31 de octubre de 2028","Anual","Sí (check)","Sí (check)","Representante de proyecto; investigador/a responsable de equipo","Gastos necesarios para ejecutar el proyecto de investigación, según presupuesto específico; no encontrado detalle completo de partidas en HTML.","Abierta","https://www.toyotafound.or.jp/english/grant/research/ | https://www.toyotafound.or.jp/english/grant/research/data/2026_Research_Proposal_Guideline_EG.pdf","El programa no restringe nacionalidad/afiliación según guía PDF, pero exige dirección de contacto en Japón para el representante; elegibilidad para investigador residente en Chile requiere verificación operativa (check)."
"Asia","Grant Program","Toshiba International Foundation","No aplica","Humanidades, Ciencias Sociales, Estudios japoneses, Interdisciplinario","Apoya proyectos que promuevan el entendimiento internacional de Japón, incluyendo investigación y estudios, seminarios, programas culturales y formación de expertos.","Apertura 1 de octubre de 2025; cierre 30 de noviembre de 2025","Organizaciones sin fines de lucro con cuenta bancaria institucional; no acepta solicitudes para investigación personal o estudios personales fuera del país.","Todas las etapas","Investigación aplicada; Interdisciplinaria","No encontrado","No encontrado","No encontrado","Debe completarse dentro de un año fiscal; iniciativas multianuales de hasta 3 años deben postular anualmente","Anual","Sí (check)","Sí (check)","Organización postulante; responsable de proyecto institucional","Costos directamente indicados en el presupuesto de la solicitud para ejecutar el proyecto; la subvención solo puede usarse para el propósito aprobado.","Cerrada","https://www.toshibafoundation.com/apply/grantsapplication.html","No se identifica restricción geográfica contra Chile; una universidad chilena podría ser organización sin fines de lucro, pero debe confirmarse aceptación administrativa (check)."
"Asia","Grant Program for Japanese Studies Projects","The Japan Foundation","Japanese Studies Overseas and Global Partnerships [Dialogue]","Humanidades, Ciencias Sociales, Estudios japoneses","Entrega subvenciones a organizaciones extranjeras para implementar proyectos de estudios japoneses, incluyendo actividades de investigación y desarrollo académico sobre Japón.","Apertura 2 de septiembre de 2025; cierre 2 de diciembre de 2025, 13:00 JST","Organizaciones extranjeras; universidades, institutos de investigación u organizaciones sin fines de lucro que desarrollen estudios japoneses.","Todas las etapas","Investigación básica; Investigación aplicada; Interdisciplinaria","No encontrado","No encontrado","No encontrado","No encontrado","Anual","Sí","Sí","Organización postulante; investigador/a responsable o coordinador/a del proyecto","Gastos relacionados con investigación y conferencias sobre Japón; no encontrado desglose completo en fuente HTML.","Cerrada","https://www.jpf.go.jp/e/program/intel.html | https://investigacion.uc.cl/concursos/programas-japan-foundation/","Fuente oficial japonesa indica elegibilidad overseas; fuente institucional chilena UC informa la convocatoria para Chile y beneficios generales."
"Asia","Japan Foundation Japanese Studies Fellowship Program","The Japan Foundation","Japanese Studies Overseas and Global Partnerships [Dialogue]","Humanidades, Ciencias Sociales, Estudios japoneses","Ofrece a académicos/as e investigadores/as de estudios japoneses oportunidades para realizar investigación en Japón con el objetivo de promover los estudios japoneses en el extranjero.","Apertura 2 de septiembre de 2025; cierre 2 de diciembre de 2025, 13:00 JST","Académicos/as, investigadores/as y doctorandos/as de estudios japoneses afiliados/as a instituciones extranjeras; postulante individual.","Doctoral; Postdoctoral; Carrera temprana; Consolidado","Investigación básica; Interdisciplinaria","No","No encontrado","No encontrado","No encontrado","Anual","Sí","Sí (check)","Fellow / investigador/a individual","Pasaje aéreo internacional, asignación mensual de manutención, seguro médico, asignación de investigación y apoyo institucional en Japón según fuente institucional chilena.","Cerrada","https://www.jpf.go.jp/e/program/intel.html | https://investigacion.uc.cl/concursos/programas-japan-foundation/","El instrumento se parece a una estancia de investigación; se incluye por financiar investigación y no solo movilidad, pero puede ser excluible bajo criterios estrictos de estancias (check)."
"Asia","Support for Policy-Oriented Research Program (Non-U.S.)","Korea Foundation","No aplica","Ciencias Sociales, Estudios coreanos, Relaciones internacionales, Políticas públicas","Financia proyectos de investigación orientados a políticas públicas sobre temas políticos, sociales y económicos relacionados con Corea y su impacto internacional.","Apertura 1 de julio de 2024; cierre 2 de septiembre de 2024, 18:00 KST","Instituciones de investigación, think tanks o instituciones universitarias afiliadas fuera de Estados Unidos; postulación institucional con director/a de proyecto.","Todas las etapas","Investigación aplicada; Interdisciplinaria","No encontrado","No encontrado; presupuesto en USD debe ser presentado por la institución","USD","Un año; planes multianuales deben postular anualmente, salvo casos específicos de Korea Chair/Fellow","Anual","Sí (check)","Sí","Institución postulante; project director","Presupuesto del proyecto en USD; resultados de proyecto, publicaciones, informes y productos de difusión.","Cerrada","https://apply.kf.or.kr/selectNoticeAndApplicationView.nkf?anucNo=A1G0000938&lang=en_US&notiSeq=&pageIndex=1","La página 2024 es para Non-U.S.; no menciona explícitamente Chile, pero al estar fuera de EE. UU. parece potencialmente elegible si la universidad chilena cumple condiciones (check)."
"Asia","Fellowship for Postdoctoral Research","Korea Foundation","Korean Studies Fellowship Program","Humanidades, Ciencias Sociales, Artes y cultura, Estudios coreanos","Apoya investigación de tiempo completo de jóvenes doctores/as con tema relacionado con Corea en una universidad u organización de investigación fuera de Corea.","No encontrado","Investigadores/as con doctorado reciente o candidatos/as próximos a obtenerlo, con ciudadanía no coreana o residencia permanente en otro país; no deben estar contratados como académicos/as de tiempo completo o investigadores/as de tiempo completo.","Postdoctoral; Carrera temprana","Investigación básica; Interdisciplinaria","No","Estipendio anual de investigación; monto determinado por la Fundación según costos efectivos","No encontrado","12 meses","Anual","Sí","Sí","Fellow postdoctoral / investigador/a responsable de su investigación","Estipendio de investigación anual desembolsado en cuotas; no encontrado detalle de partidas específicas.","Recurrente","https://www.kf.or.kr/kfEng/cm/cntnts/cntntsView.do?cntntsId=1639&mi=2220","Se dirige a personas, no a proyectos institucionales; se incluye porque financia investigación postdoctoral fuera de Corea, pero no es grant institucional clásico (check)."
"Asia","Fellowship for Field Research","Korea Foundation","Korean Studies Fellowship Program","Humanidades, Ciencias Sociales, Artes y cultura, Estudios coreanos","Financia investigación de campo in situ en Corea y acceso a recursos para investigadores/as extranjeros/as de estudios coreanos o temas que requieren cooperación estrecha con Corea.","No encontrado","Doctorandos/as que completaron cursos; profesores/as universitarios/as de tiempo completo o investigadores/as con doctorado; investigadores/as extranjeros/as en estudios coreanos o temas vinculados a Corea.","Doctoral; Consolidado","Investigación básica; Investigación aplicada; Interdisciplinaria","No","Estipendio mensual: KRW 2.300.000 para Type A y KRW 3.000.000 para Type B; apoyo de entrada KRW 1.000.000 o 1.500.000 para profesores/as titulares/as según categoría","KRW","No encontrado","Anual","Sí","Sí (check)","Fellow / investigador/a individual","Estipendio mensual, apoyo de entrada, seguro de viaje y pasaje aéreo ida y vuelta solo para residentes en países DAC elegibles; incentivos de investigación según disponibilidad.","Recurrente","https://www.kf.or.kr/kfEng/cm/cntnts/cntntsView.do?cntntsId=1677&mi=2222","Puede considerarse estancia o trabajo de campo; se incluye porque financia investigación de campo y no solo pasajes/viáticos, pero es un caso discutible (check)."
"Asia","Korean Studies Grant Program - Academic Research: Individual / Joint Research","Academy of Korean Studies","Center for International Affairs / Korean Studies Grant Program","Humanidades, Ciencias Sociales, Estudios coreanos","Entrega apoyo académico a investigadores/as de estudios coreanos afiliados/as a universidades o centros de investigación fuera de Corea; la línea Academic Research financia investigación individual o conjunta.","Guías se anuncian en agosto; evaluación y selección hasta diciembre","Investigadores/as afiliados/as a instituciones educacionales o de investigación fuera de Corea.","Todas las etapas","Investigación básica; Investigación aplicada; Interdisciplinaria","No encontrado","Presupuesto anual total aprox. KRW 15.000.000; solicitud libre según escala del proyecto; sin límite separado","KRW","No encontrado","Anual","Sí","Sí","Investigador/a principal individual o de proyecto conjunto","Gastos académicos vinculados a investigación individual o conjunta; presupuesto libre según escala del proyecto.","Recurrente","https://www.aks.ac.kr/ikorea/com/cmm/EgovContentView.do?lang=eng&menuNo=2010110000","La fuente presenta cinco categorías; se registra solo la categoría de investigación académica, excluyendo conferencias/publicaciones como instrumentos independientes."
"Asia","Research Grants","Chiang Ching-kuo Foundation for International Scholarly Exchange","No aplica","Humanidades, Ciencias Sociales, Estudios chinos / Sinología","Financia proyectos de investigación sobre estudios chinos en humanidades y ciencias sociales desarrollados por académicos/as afiliados/as a instituciones académicas.","No encontrado","Académicos/as de tiempo completo; postulaciones organizadas por región; América Latina parece canalizarse por los programas para la American Region o Developing Region (check).","Consolidado; Todas las etapas (check)","Investigación básica; Interdisciplinaria","No encontrado","No encontrado","No encontrado","No encontrado","Anual","Sí (check)","Sí (check)","Investigador/a principal o director/a de proyecto","Gastos de investigación vinculados a proyectos de estudios chinos; no encontrado desglose completo.","Recurrente","https://www.cckf.org.tw/en/programs | https://www.cckf.org.tw/en/news/2024052002","La página general indica que full-time faculty may apply for research grants; la elegibilidad específica para universidades chilenas debe confirmarse por comité/región (check)."
"Asia","Scholar Grants","Chiang Ching-kuo Foundation for International Scholarly Exchange","No aplica","Humanidades, Ciencias Sociales, Estudios chinos / Sinología","Apoya investigación individual de académicos/as en estudios chinos, como modalidad distinta de los research grants institucionales o de equipo.","No encontrado","Académicos/as o investigadores/as elegibles según región; requisitos exactos no encontrados en fuente accesible.","Carrera temprana; Consolidado; No encontrado (check)","Investigación básica; Interdisciplinaria","No encontrado","No encontrado","No encontrado","No encontrado","Anual","Sí (check)","Sí (check)","Scholar / investigador/a individual","Gastos de investigación individual; no encontrado detalle de partidas.","Recurrente","https://www.cckf.org.tw/en/programs | https://www.cckf.org.tw/en/news/2024052002","Información específica incompleta por limitación de acceso a la página; se verifica existencia por programa general y lista de beneficiarios 2023-2024 (check)."
"Asia","Database Grants","Chiang Ching-kuo Foundation for International Scholarly Exchange","No aplica","Humanidades, Ciencias Sociales, Estudios chinos / Sinología, Infraestructura de datos académicos","Financia la creación o fortalecimiento de bases de datos académicas para investigación en estudios chinos en humanidades y ciencias sociales.","No encontrado","Académicos/as o instituciones que desarrollen recursos de investigación en estudios chinos; requisitos exactos no encontrados.","Todas las etapas (check)","Investigación básica; Infraestructura de investigación; Interdisciplinaria","No encontrado","No encontrado","No encontrado","No encontrado","Anual","Sí (check)","Sí (check)","Director/a de proyecto o institución responsable","Desarrollo de bases de datos y recursos académicos para investigación; no encontrado detalle de partidas.","Recurrente","https://www.cckf.org.tw/en/programs | https://www.cckf.org.tw/en/programs/european/database","La fuente oficial sobre Database Grants indica apoyo a investigación en Chinese Studies; se requiere verificar si Chile debe postular por región American o Developing (check)."
"Asia","Idea Submission - Peacebuilding Program","Sasakawa Peace Foundation","No aplica","Ciencias Sociales, Estudios de paz y conflicto, Género, Derechos humanos, Relaciones internacionales","Permite presentar ideas de colaboración que pueden derivar en proyectos financiados por la Fundación en áreas como peacebuilding, de-radicalization y Women, Peace and Security.","Permanente; temática elegible actualizada abril de 2025","Fundaciones, organizaciones sin fines de lucro, instituciones educativas incluidas universidades y organizaciones con actividades sin fines de lucro.","Todas las etapas","Investigación aplicada; Interdisciplinaria","No encontrado","No encontrado","No encontrado","No encontrado","Permanente","Sí","Sí","Organización proponente; responsable institucional de la idea/proyecto","Proyectos aplicados en prioridades programáticas; se excluye investigación puramente teórica, becas, equipamiento, gastos operativos institucionales, actividades comerciales y bienes de capital.","Abierta","https://www.spf.org/en/about/idea_submission/","No es una convocatoria competitiva estándar sino un mecanismo de presentación de ideas; aceptación muy baja y puede derivar o no en grant project (check)."
"Organismos sin adscripción exclusiva a un continente","Japanese Award for Outstanding Research on Development (ORD)","Global Development Network (GDN), con apoyo del Gobierno de Japón","Global Development Awards Competition (GDAC)","Ciencias Sociales; Desarrollo; Interdisciplinario","Financia propuestas de investigación sobre desarrollo con implicancias de política pública. La edición 2026 se orienta a cómo las ciencias sociales interactúan con ciencia, tecnología e innovación en el Sur Global y la seguridad humana.","Convocatoria 2026 publicada; plazo mencionado en fuentes secundarias: 17 de junio de 2026 (check)","Investigadores/as o equipos de investigación, especialmente de países de ingresos bajos y medios; investigadores de ciencias sociales vinculados a temas de desarrollo.","Carrera temprana; Todas las etapas (check)","Investigación aplicada; Interdisciplinaria","No encontrado","Hasta US$60.000 en total para tres proyectos ganadores; montos por proyecto no completamente claros en la página 2026 (check)","USD","No encontrado","Anual","No claro (check) [Actualización: No]","No claro (check) [Actualización: No]","Investigador/a principal o equipo responsable de la propuesta (check)","Costos de investigación asociados al proyecto; mentoría y apoyo técnico/comunicacional según edición.","Abierta","https://www.gdn.int/gdac/2026 | https://www.gdn.int/gdac/2025/ord","Elegibilidad para Chile no está explícita; versiones recientes se orientan a LMIC/Global South, por lo que Chile requiere verificación según clasificación usada por GDN (check)."
"Organismos sin adscripción exclusiva a un continente","Strategic Impact Evaluation Fund (SIEF) – Call for Proposals 7","Banco Mundial","Strategic Impact Evaluation Fund (SIEF)","Educación; Desarrollo; Salud pública; Ciencias Sociales; Evaluación de impacto","Financia evaluaciones de impacto en países de ingresos bajos y medios en áreas como desarrollo infantil temprano, nutrición, educación básica, sistemas de salud, agua y saneamiento.","Última convocatoria verificable: Call 7, documento fechado 23 de diciembre de 2024 (check)","Equipos de investigadores/as, implementadores/as y socios de evaluación de impacto; programas implementados por gobiernos, ONG o investigadores.","Todas las etapas","Investigación aplicada; Evaluación de impacto; I+D (check)","No claro (check)","No encontrado","USD (check)","No encontrado","Irregular","No claro (check)","No claro (check)","Responsable de evaluación/propuesta o socio investigador (check)","Costos de evaluación, recolección y análisis de datos, implementación vinculada al diseño evaluativo y gestión de investigación (check).","Cerrada","https://thedocs.worldbank.org/en/doc/1914f7056e88626e28a292128b01bb82-0090052024/original/SIEF-Call7-CallForProposals-122224.pdf","Chile no es necesariamente país de ejecución elegible si la convocatoria exige LMIC; podría participar un/a investigador/a chileno/a solo si el proyecto se ejecuta en un país elegible o en alianza permitida (check)."
"Organismos sin adscripción exclusiva a un continente","Impact Grants for Regional Priorities","TDR – Special Programme for Research and Training in Tropical Diseases (UNICEF/UNDP/World Bank/WHO)","TDR Grants and other funding activities","Salud pública; Ciencias Sociales aplicadas; Implementación de políticas; Interdisciplinario","Financia investigación de implementación sobre enfermedades infecciosas de la pobreza, con foco en mejora de salud poblacional y fortalecimiento de capacidades de investigación en países de ingresos bajos y medios.","Convocatorias regionales variables; página general vigente consultada en 2026","Investigadores/as y equipos de instituciones ubicadas en países/regiones elegibles según cada llamado regional.","Todas las etapas","Investigación aplicada; Interdisciplinaria; Investigación de implementación","No claro (check)","Varía por convocatoria; ejemplo WPRO/TDR citado por fuentes secundarias: hasta US$15.000 (check)","USD","Varía por convocatoria; ejemplo regional: hasta 12 meses (check)","Irregular","No claro (check)","No claro (check)","Investigador/a principal institucional en país/región elegible (check)","Investigación de implementación, análisis de datos, actividades de campo, coordinación con socios nacionales e internacionales.","Recurrente","https://tdr.who.int/grants | https://tdr.who.int/home/our-work/global-engagement/tdr-small-research-grants-scheme","Elegibilidad depende de cada región OMS y de estatus LMIC; Chile debe verificarse caso a caso y podría no ser elegible en algunos llamados (check)."
"Organismos sin adscripción exclusiva a un continente","Silk Roads Youth Research Grant","UNESCO","UNESCO Silk Roads Programme","Humanidades; Historia; Patrimonio; Cultura; Arqueología; Interdisciplinario","Apoya investigaciones de jóvenes investigadores/as sobre el patrimonio compartido, intercambios culturales y temas asociados a las Rutas de la Seda.","Últimas convocatorias verificables: 2022 y 2023; página del programa vigente (check)","Investigadores/as de postgrado de 35 años o menos; proyectos individuales o colaborativos.","Doctoral; Carrera temprana","Investigación básica; Interdisciplinaria","No","US$10.000 por proyecto en convocatoria 2022","USD","No encontrado","No claro (check)","Sí (check)","No claro (check)","Investigador/a individual o parte de proyecto colaborativo","Gastos asociados al desarrollo de la investigación y producción de resultados sobre el tema de la convocatoria.","Vigencia no verificada (check)","https://www.unesco.org/en/silkroads/youth-grant | https://www.unesco.org/en/articles/unesco-calls-proposals-2022-silk-roads-youth-research-grant","No se encontró convocatoria 2026 abierta; elegibilidad geográfica no aparece restringida en la página general, pero debe confirmarse en cada edición (check)."
"Organismos sin adscripción exclusiva a un continente","Global Youth Grant Scheme – categoría de investigación","UNESCO y socios relevantes según convocatoria","UNESCO Global Youth Grant Scheme (GYGS)","Educación; Cultura; Comunicación; Ciencias Sociales; Juventud; Interdisciplinario","Esquema global que apoya iniciativas juveniles, incluyendo investigaciones lideradas por jóvenes con recomendaciones de política para el desarrollo juvenil.","Página general vigente; llamadas específicas se publican por iniciativa o alianza","Jóvenes, organizaciones lideradas por jóvenes o investigadores/as jóvenes según cada llamado específico.","Doctoral; Carrera temprana (check)","Investigación aplicada; Interdisciplinaria","No encontrado","No encontrado; techos definidos por cada llamado","No encontrado","No encontrado","Irregular","Sí (check)","No claro (check)","Responsable de proyecto juvenil o de investigación según bases específicas (check)","Investigación, mentoría, fortalecimiento de capacidades y ejecución de iniciativas de impacto social juvenil.","Recurrente","https://www.unesco.org/en/youth/global-grant-scheme","El esquema no está dirigido específicamente a académicos/as universitarios; incluir solo si el llamado específico permite investigación liderada por jóvenes vinculados a universidad chilena (check)."
"Organismos sin adscripción exclusiva a un continente","Call for Collaborative Research Projects","International Association of Schools of Social Work (IASSW) y European Association of Schools of Social Work (EASSW)","IASSW International Projects","Trabajo Social; Educación en Trabajo Social; Política social; Ciencias Sociales","Financia proyectos colaborativos de investigación que fortalezcan el impacto global de la investigación en educación, práctica y política de trabajo social.","Convocatoria 2025-2026: plazo 20 de noviembre de 2025; inicio de proyecto febrero de 2026","Equipos colaborativos de investigación en trabajo social; escuelas o académicos/as vinculados al campo.","Todas las etapas","Investigación aplicada; Interdisciplinaria","No encontrado","€6.000 por proyecto según difusión EASSW/IASSW (check)","EUR","Ciclo 2025-2026; duración exacta no encontrada","Irregular","Sí (check)","Sí (check)","Equipo o investigador/a responsable del proyecto colaborativo","Costos de investigación, diseminación, reuniones y talleres vinculados al proyecto (check).","Cerrada","https://www.iassw-aiets.org/iassw-international-projects/ | https://www.iassw-aiets.org/2025/10/28/call-for-collaborative-research-projects/","Monto y condiciones detalladas no aparecen completamente en la página principal; verificar bases completas de cada ciclo (check)."
"Organismos sin adscripción exclusiva a un continente","National Geographic Society Grants – Level I","National Geographic Society","Grants and Investments","Arqueología; Antropología; Educación; Patrimonio; Cultura; Medioambiente y sociedad; Interdisciplinario","Financia proyectos de exploración, ciencia, educación, conservación, tecnología y narración que iluminen y protejan el mundo, incluyendo historias y culturas humanas.","Convocatorias 2026 con plazos variables; página oficial indica oportunidades con cierres en mayo-junio de 2026","Personas mayores de 18 años que lideren proyectos; Level I orientado a nuevos/as exploradores/as o personas nuevas en la red NGS.","Carrera temprana; Todas las etapas (check)","Investigación aplicada; Interdisciplinaria; Investigación de campo","No encontrado","Hasta US$20.000 según guías 2025 y difusión de universidades chilenas (check)","USD","Hasta 1-2 años según guías 2025 (check)","Irregular","Sí","Sí (check)","Project leader / investigador/a responsable","Trabajo de campo, investigación, educación, conservación, comunicación, tecnología, materiales y otros costos directos aprobados.","Abierta","https://www.nationalgeographic.org/society/grants-and-investments/ | https://infofin.ulb.be/download?file=uploads%2Fdocs%2FxCr85srzdK%2FFunding-Opportunities-Overview-2025.pdf&name=Funding-Opportunities-Overview-2025.pdf","Instrumento global pero con requisitos específicos por oportunidad; no todas las oportunidades son pertinentes para ciencias sociales/humanidades (check)."
"Organismos sin adscripción exclusiva a un continente","National Geographic Society Grants – Level II","National Geographic Society","Grants and Investments","Arqueología; Antropología; Educación; Patrimonio; Cultura; Medioambiente y sociedad; Interdisciplinario","Financia proyectos de mayor escala o liderados por personas con trayectoria/experiencia previa, alineados con áreas de foco de National Geographic Society.","Convocatorias 2026 con plazos variables; página oficial indica oportunidades con cierres en mayo-junio de 2026","Investigadores/as, educadores/as, narradores/as o profesionales establecidos; también National Geographic Explorers previos.","Consolidado; Todas las etapas (check)","Investigación aplicada; Interdisciplinaria; Investigación de campo","No encontrado","Hasta US$100.000 según guías 2025 y difusión de universidades chilenas (check)","USD","Hasta 1-2 años según guías 2025 (check)","Irregular","Sí","Sí (check)","Project leader / investigador/a responsable","Trabajo de campo, investigación, educación, conservación, comunicación, tecnología, materiales y otros costos directos aprobados.","Abierta","https://www.nationalgeographic.org/society/grants-and-investments/ | https://infofin.ulb.be/download?file=uploads%2Fdocs%2FxCr85srzdK%2FFunding-Opportunities-Overview-2025.pdf&name=Funding-Opportunities-Overview-2025.pdf","Instrumento global pero no exclusivamente académico; revisar oportunidad concreta para asegurar pertinencia disciplinar y gastos elegibles (check)."
"Organismos sin adscripción exclusiva a un continente","Small Research Grants on Education","Spencer Foundation","Research Grants on Education","Educación; Ciencias Sociales; Psicología educacional; Interdisciplinario","Apoya proyectos de investigación educativa rigurosos e intelectualmente ambiciosos, concebidos ampliamente, con presupuestos pequeños.","Acepta postulaciones dos veces al año; convocatoria 2025 con cierre institucional reportado en Chile el 10 de diciembre de 2025 y cierre Spencer el 15 de diciembre de 2025 (check)","Investigadores/as y equipos vinculados a una organización administradora; no entrega fondos directamente a individuos.","Todas las etapas","Investigación básica; Investigación aplicada; Interdisciplinaria","No","Hasta US$50.000","USD","1 a 5 años","Bianual","Sí","Sí","Investigador/a principal o co-PI con institución administradora","Costos directos de investigación; asistentes, consultores, trabajo de campo, datos, software, viajes de investigación; no permite costos indirectos en small grants.","Recurrente","https://www.spencer.org/grant_types/small-research-grant | https://www.spencer.org/resources/Applicant-Information-and-Policies","Aunque la fundación está basada en EE. UU., acepta postulaciones internacionales y organizaciones fuera de EE. UU.; requiere equivalencia sin fines de lucro si se adjudica (check)."
"Organismos sin adscripción exclusiva a un continente","Large Research Grants on Education","Spencer Foundation","Research Grants on Education","Educación; Ciencias Sociales; Psicología educacional; Interdisciplinario","Apoya proyectos de investigación educativa de mayor escala que contribuyan al mejoramiento de la educación, concebida ampliamente.","Acepta postulaciones una vez al año; página vigente consultada en 2026","Investigadores/as y equipos con organización administradora; no entrega fondos directamente a individuos.","Todas las etapas","Investigación básica; Investigación aplicada; Interdisciplinaria","No","US$125.000 a US$500.000, incluyendo hasta 15% de costos indirectos","USD","1 a 5 años","Anual","Sí","Sí","Investigador/a principal o co-PI con institución administradora","Costos directos de investigación, personal, recolección y análisis de datos, viajes de investigación, coordinación y hasta 15% de costos indirectos.","Recurrente","https://www.spencer.org/grant_types/large-research-grant | https://www.spencer.org/resources/Applicant-Information-and-Policies","Aunque la fundación está basada en EE. UU., acepta postulaciones internacionales y organizaciones fuera de EE. UU.; requiere equivalencia sin fines de lucro si se adjudica (check)."
"Organismos sin adscripción exclusiva a un continente","Dissertation Fieldwork Grant","Wenner-Gren Foundation","Grants and Fellowships","Antropología; Arqueología; Antropología social y cultural; Interdisciplinario","Apoya trabajo de campo doctoral que contribuya al conocimiento antropológico sobre la humanidad, sus orígenes, desarrollo y variación cultural/biológica.","Plazos recurrentes: 1 de mayo y 1 de noviembre","Estudiantes doctorales inscritos en programas de doctorado o equivalentes, con supervisión institucional.","Doctoral","Investigación básica; Investigación de campo; Interdisciplinaria","No","Hasta US$25.000","USD","Sin límite fijo; puede cubrir fases de investigación según diseño","Bianual","Sí","Sí","Investigador/a doctoral responsable, con asesor/a institucional","Trabajo de campo, viajes de investigación, recolección de datos, materiales y otros gastos directos justificados; no cubre overhead institucional.","Recurrente","https://wennergren.org/program/dissertation-fieldwork-grant/ | https://wennergren.org/application-guide/dissertation-fieldwork-grant/","Abierta a cualquier nacionalidad o localización institucional según fuentes oficiales/generales; verificar condiciones del portal en cada ciclo (check)."
"Organismos sin adscripción exclusiva a un continente","Post-PhD Research Grant","Wenner-Gren Foundation","Grants and Fellowships","Antropología; Arqueología; Antropología social y cultural; Interdisciplinario","Financia proyectos individuales de investigación postdoctoral que realicen una contribución significativa al conocimiento antropológico.","Plazos recurrentes: 1 de mayo y 1 de noviembre (check)","Investigadores/as con PhD o grado equivalente en antropología o campos relacionados.","Postdoctoral; Consolidado","Investigación básica; Investigación de campo; Interdisciplinaria","No","Hasta US$25.000","USD","No encontrado; duración flexible según proyecto (check)","Bianual","Sí","Sí (check)","Investigador/a principal post-PhD","Costos directos de investigación, trabajo de campo, viajes, materiales, análisis y otros gastos justificados; no cubre overhead institucional.","Recurrente","https://wennergren.org/application-guide/post-phd-research-grant/ | https://wennergren.org/grants-fellowships/","La página de guía confirma monto; condiciones completas de elegibilidad deben revisarse en portal actual (check)."
"Organismos sin adscripción exclusiva a un continente","Engaged Research Grant","Wenner-Gren Foundation","Grants and Fellowships","Antropología; Trabajo comunitario; Ciencias Sociales; Interdisciplinario","Apoya proyectos de investigación antropológica comprometida, basados en alianzas con comunidades y orientados a la producción colaborativa de conocimiento.","Plazo recurrente: 1 de agosto; proyectos desde el 1 de abril del año siguiente","Doctorandos/as, doctores/as en antropología o campos relacionados e investigadores/as independientes.","Doctoral; Postdoctoral; Consolidado","Investigación aplicada; Investigación de campo; Interdisciplinaria","No claro (check)","Hasta US$25.000","USD","No encontrado; duración flexible según proyecto (check)","Anual","Sí","Sí (check)","Investigador/a principal o responsable del proyecto colaborativo","Gastos directos de investigación, colaboración comunitaria, trabajo de campo, producción y circulación de resultados; no cubre overhead institucional.","Recurrente","https://wennergren.org/program/engaged-research-grant/ | https://wennergren.org/application-guide/engaged-research-grant/","Se debe verificar que el proyecto no sea solo extensión o diseminación; debe tener componente claro de investigación antropológica (check)."
"Organismos sin adscripción exclusiva a un continente","Global Initiatives Grant","Wenner-Gren Foundation","Grants and Fellowships","Antropología; Humanidades; Ciencias Sociales; Interdisciplinario","Apoya iniciativas innovadoras que fortalezcan la antropología y, para 2026-2030, proyectos de antropología pública dirigidos a audiencias amplias.","Convocatoria 2026: plazo 15 de mayo de 2026 (check)","Equipos de académicos/as; el/la organizador/a principal debe tener doctorado en antropología o campo relacionado.","Postdoctoral; Consolidado","Investigación aplicada; Interdisciplinaria; Public anthropology (check)","No","US$80.000","USD","No encontrado","Anual (2026-2030) (check)","Sí","Sí (check)","Organizador/a principal o PI con doctorado","Presupuesto detallado para actividades del proyecto; gastos directos, colaboración, producción pública y difusión; no cubre overhead institucional.","Abierta","https://wennergren.org/program/global-initiatives-grant/ | https://wennergren.org/application-guide/global-initiatives-grant/","No todo proyecto de antropología pública equivale a investigación académica; incluir solo si la propuesta desarrolla producción de conocimiento verificable (check)."
"Organismos sin adscripción exclusiva a un continente","Research Grants","The Leakey Foundation","Grants and Scholarships","Arqueología; Antropología; Paleoantropología; Primatología; Ciencias humanas evolutivas","Financia investigación relacionada con los orígenes humanos, incluyendo arqueología, paleoantropología, ecología conductual de primates y campos afines.","Plazos recurrentes: 10 de enero y 15 de julio (check)","Estudiantes doctorales avanzados/as y personas con PhD; sin restricciones de ciudadanía.","Doctoral; Postdoctoral; Consolidado","Investigación básica; Investigación de campo; Interdisciplinaria","No encontrado","No encontrado en página principal; fuentes secundarias históricas reportan montos variables (check)","USD (check)","No encontrado","Bianual","Sí","Sí (check)","Investigador/a principal; estudiante doctoral avanzado o investigador/a con PhD","Gastos directos de investigación, trabajo de campo, análisis, materiales y otros costos justificados en el presupuesto.","Recurrente","https://leakeyfoundation.org/grant/research/ | https://leakeyfoundation.org/grants-scholarships/","La institución no entrega fondos directamente a individuos y requiere afiliación institucional; monto específico debe verificarse en la convocatoria vigente (check)."
"Organismos sin adscripción exclusiva a un continente","Jacobs CIFAR Research Fellowship Program","Jacobs Foundation y CIFAR","Jacobs Foundation Research Fellowship Program","Educación; Psicología; Sociología; Desarrollo infantil y juvenil; Ciencias del aprendizaje; Interdisciplinario","Fellowship global competitivo para investigación sobre aprendizaje y desarrollo de niños, niñas y jóvenes; entrega fondos a la institución del/de la fellow para apoyar su investigación.","Convocatoria 2026/2027 reportada en portal; postulaciones con fecha 2026 según portal (check)","Investigadores/as altamente talentosos/as con PhD obtenido dentro de los últimos 10 años.","Carrera temprana; Postdoctoral","Investigación básica; Investigación aplicada; Interdisciplinaria","No encontrado","No encontrado en página oficial resumida; fuentes secundarias reportan CHF 150.000 por 3 años (check)","CHF (check)","3 años","Anual (check)","Sí (check)","Sí","Fellow/investigador/a responsable; fondos se transfieren a la institución","Parte del salario, asistentes de investigación, equipamiento, asistencia técnica, viajes profesionales y apoyo a trainees.","Cerrada o en evaluación (check)","https://jacobsfoundation.org/activity/jacobs-foundation-research-fellowship-program/ | https://cifarportal.smapply.io/prog/jacobs_cifar_research_fellowship_program_/","Es fellowship con fondos de investigación; no es grant abierto a todas las etapas. Elegibilidad de Chile parece posible por alcance global, pero debe verificarse en portal de cada ciclo (check)."
"Organismos sin adscripción exclusiva a un continente","Small Grants Program for Early Career Scholars","Society for Research in Child Development (SRCD)","SRCD Awards & Grants","Psicología; Educación; Desarrollo infantil; Ciencias Sociales; Interdisciplinario","Apoya proyectos específicos de investigación en desarrollo infantil realizados por miembros SRCD en etapa temprana de carrera.","Convocatoria 2026: aviso publicado 10 de octubre de 2025; plazo 19 de enero de 2026","Miembros SRCD de carrera temprana que hayan completado o estén por completar el doctorado dentro del rango definido por la convocatoria.","Carrera temprana; Postdoctoral","Investigación básica; Investigación aplicada; Interdisciplinaria","No","Hasta US$7.500","USD","No encontrado","Anual","Sí","Sí (check)","Investigador/a principal de carrera temprana","Gastos de investigación; asistentes y consultores; no PI salary; no entrenamiento, visita o planificación de colaboración.","Cerrada","https://www.srcd.org/news/call-submissions-2026-small-grants-program-early-career-scholars | https://www.srcd.org/professional-advancement/awards-grants/small-grants-program-early-career-scholars/FAQs","Requiere membresía SRCD; la convocatoria alienta postulaciones de instituciones internacionales y países subrepresentados, pero se debe verificar membresía y condiciones de residencia (check)."
"Organismos sin adscripción exclusiva a un continente","Grant Opportunities / Grand Challenges","Gates Foundation y red Grand Challenges","Grand Challenges partnership network","Salud global; Desarrollo; Psicología; Ciencias Sociales aplicadas; Educación en salud; Interdisciplinario","Convocatorias temáticas para investigación e innovación orientada a problemas globales de salud y desarrollo; cada oportunidad define tema, elegibilidad y montos.","Oportunidades abiertas en 2026 según portal; plazos variables, incluyendo 16 de junio de 2026 en página de Global Grand Challenges","Investigadores/as, organizaciones sin fines de lucro, universidades, centros de investigación u otros postulantes según cada desafío.","Todas las etapas","Investigación aplicada; I+D; Interdisciplinaria","No encontrado","Varía por oportunidad; no encontrado para el conjunto general","USD (check)","Varía por oportunidad","Irregular","No claro (check)","No claro (check)","Investigador/a principal o responsable institucional según oportunidad","Costos de investigación, innovación, desarrollo, implementación piloto, evaluación y otros gastos directos según bases específicas.","Abierta","https://gcgh.grandchallenges.org/ | https://gcgh.grandchallenges.org/grant-opportunities | https://gcgh.grandchallenges.org/application-guidelines","No todas las oportunidades son pertinentes a ciencias sociales/humanidades ni todas aceptan Chile; revisar cada desafío para elegibilidad, país y disciplina (check)."
"Organismos sin adscripción exclusiva a un continente","Online Funding Inquiry / Research Grants","John Templeton Foundation","Templeton Grants","Psicología; Filosofía; Ciencias Sociales; Humanidades; Religión; Interdisciplinario","Financia proyectos de investigación y participación pública en áreas como carácter, virtud, libertad, mercados, ciencia y religión, y otras preguntas interdisciplinarias.","Calendario de revisión por ciclos; página vigente consultada en 2026","Investigadores/as, equipos u organizaciones que presenten consulta inicial y eventualmente propuesta completa invitada.","Todas las etapas","Investigación básica; Investigación aplicada; Interdisciplinaria","No encontrado","No encontrado; depende de la propuesta","USD (check)","No encontrado","Irregular","Sí (check)","Sí (check)","Investigador/a principal o responsable institucional invitado a propuesta completa","Costos del proyecto de investigación, personal, actividades, publicación/diseminación y otros costos aprobados según propuesta.","Recurrente","https://www.templeton.org/grants/apply-for-grant | https://www.templeton.org/","La elegibilidad internacional no aparece resumida de forma suficiente en la página consultada; debe verificarse en FAQ/portal para una universidad chilena (check)."
"Organismos sin adscripción exclusiva a un continente","Open Funding Inquiry / Research Grants","Templeton World Charity Foundation","Templeton World Charity Foundation Grants","Psicología; Filosofía; Ciencias Sociales; Cognición; Educación; Interdisciplinario","Financia proyectos innovadores que expanden el conocimiento científico y exploran preguntas sobre significado, propósito, verdad, florecimiento humano y áreas relacionadas.","Página vigente consultada en 2026; ciclos definidos por prioridades y portal","Investigadores/as, equipos u organizaciones que respondan a prioridades o portafolios de la fundación.","Todas las etapas","Investigación básica; Investigación aplicada; Interdisciplinaria","No encontrado","No encontrado; depende de la prioridad o portafolio","USD (check)","No encontrado","Irregular","Sí (check)","Sí (check)","Investigador/a principal o responsable institucional invitado a propuesta completa","Investigación, desarrollo de herramientas, personal, actividades de proyecto, innovación y diseminación según prioridad.","Recurrente","https://www.templetonworldcharity.org/ | https://www.templetonworldcharity.org/about-us/our-strategy/core-funding-areas","No se encontró una convocatoria universal única; opera por prioridades/portafolios. Elegibilidad para universidad chilena debe confirmarse en el portal de cada llamado (check)."
"América Latina y el Caribe","Fondo Conjunto de Cooperación Chile-México 2026","AGCID (Chile) y AMEXCID (México)","Fondo Conjunto de Cooperación Chile-México","Interdisciplinario; políticas públicas; desarrollo sostenible; investigación aplicada posible (check)","Financia proyectos conjuntos de cooperación técnica entre instituciones de Chile y México. Puede ser pertinente para equipos universitarios cuando el proyecto tiene componente de investigación aplicada, fortalecimiento institucional o generación de evidencia para políticas públicas.","Abrió el 24-08-2026; cierre 30-10-2026, 23:59 hora de México","Instituciones del sector público de Chile y México; entidades privadas sin fines de lucro orientadas al interés público y con financiamiento público, según bases; investigadores/as universitarios pueden impulsar propuestas vía patrocinio institucional (check).","Todas las etapas","Investigación aplicada; cooperación técnica; interdisciplinaria (check)","No claro (check)","Hasta USD 250.000 por proyecto, según difusión institucional universitaria","USD","No encontrado","Anual","Sí","Sí (check)","Responsable técnico/a o integrante desde universidad chilena con patrocinio institucional; la entidad postulante debe cumplir requisitos del Fondo","Asesorías, intercambio de expertos, capacitación, información/difusión y otras iniciativas aprobadas; gastos de investigación directa no siempre aparecen como rubro autónomo (check)","Abierta","https://www.agcid.gob.cl/becas/353-fondo-chile-mexico/convocatorias | https://www.agci.gov.cl/noticias/2663-fondo-conjunto-de-cooperacion-chile-mexico-abre-convocatoria-2026 | https://investigacion.fen.uchile.cl/noticia/Convocatoria%2Bdel%2BFondo%2BConjunto%2Bde%2BCooperaci%C3%B3n%2BChile%2B-%2BM%C3%A9xico%2B2026","1 - No es un grant académico puro; el énfasis oficial es cooperación técnica. Conviene verificar con VID/AGCID si una propuesta de investigación FACSO puede quedar como componente central."
"América Latina y el Caribe","Programa de Cooperação Latino-Americana e Caribenha em Ciência, Tecnologia e Inovação - PROSUL Pepe Mujica","CNPq / MCTI Brasil","PROSUL Pepe Mujica; articulación con AUGM","Ciencias humanas y sociales; educación; cultura; política; desigualdades; migraciones; ambiente; interdisciplinario","Apoya proyectos de investigación colaborativa para fortalecer la cooperación científica, tecnológica y de innovación entre Brasil y otros países de América Latina y el Caribe, incluyendo un eje de ciencias humanas y sociales centrado en procesos sociales, históricos, educativos, culturales y políticos regionales.","Convocatoria 2026; apertura 28-01-2026; plazo prorrogado hasta mayo de 2026 según comunicados; convocatoria en análisis/cerrada","Redes y equipos de investigación con al menos una institución brasileña y una institución de otro país de América Latina y/o el Caribe; participación de universidades chilenas por pertenencia regional y red AUGM (check).","Todas las etapas; equipos consolidados y emergentes (check)","Investigación básica; investigación aplicada; interdisciplinaria; I+D","No claro (check)","Valor global de la convocatoria R$ 50.000.000; hasta aprox. CLP $262.000.000 por proyecto según difusión universitaria chilena (check)","BRL / CLP referencial","Ejecución 2026-2030 según difusión institucional uruguaya; duración específica por modalidad no encontrada","Irregular","Sí","Sí","Coordinador/a o socio/a de institución chilena dentro de red con Brasil; el financiamiento principal se tramita ante CNPq desde Brasil (check)","Becas, gastos operativos/custeio, movilidad, redes y actividades de investigación colaborativa","Cerrada","https://www.gov.br/cnpq/pt-br/chamadas/todas-as-chamadas/chamadas-2026/chamada-no-02-2026/chamada-publica-mcti-cnpq-no-02-2026-programa-de-cooperacao-latino-americana-e-caribenha-em-ciencia-tecnologia-e-inovacao-prosul-pepe-mujica | https://www.gov.br/cnpq/pt-br/assuntos/noticias/cnpq-em-acao/prosul-pepe-mujica-vai-financiar-projetos-para-fortalecer-a-infraestrutura-cientifica-da-america-latina/ | https://www.gub.uy/ministerio-educacion-cultura/comunicacion/noticias/continua-abierta-convocatoria-programa-cooperacion-cientifica-pepe-mujica | https://investigacion.uc.cl/concursos/programa-de-cooperacao-latino-americana-e-caribenha-em-ciencia-tecnologia-e-inovacao-prosul-pepe-mujica/","1 - Instrumento altamente pertinente para equipos chilenos, pero conviene revisar modalidad exacta de liderazgo y flujo de fondos para la institución chilena."
"América Latina y el Caribe","Joint Call for Proposals PROASA-FAPESP and ANID 2025","FAPESP (Brasil, Estado de São Paulo) y ANID (Chile)","Programa FAPESP para o Atlântico Sul e Antártica (PROASA)","Interdisciplinario; ciencias sociales y humanas aplicadas a ambiente, sostenibilidad, territorio, océano y Antártica (check)","Convocatoria bilateral para proyectos conjuntos entre investigadores/as de São Paulo y Chile en temas del Atlántico Sur y la Antártica, con posibles enfoques inter/transdisciplinarios vinculados a dimensiones sociales y ambientales.","Convocatoria 2025; deadline FAPESP 01-09-2025; resultados publicados 23-01-2026","Investigadores/as elegibles bajo FAPESP en instituciones de São Paulo y equipos chilenos elegibles bajo ANID; requiere diseño y presentación conjunta del proyecto.","Todas las etapas; según requisitos ANID/FAPESP","Investigación básica; investigación aplicada; interdisciplinaria; I+D","No claro (check)","No encontrado","No encontrado","No encontrado","Irregular","Sí","Sí","Investigador/a responsable chileno/a ante ANID y contraparte PI en São Paulo ante FAPESP (check)","Costos de investigación según reglas de FAPESP Regular Research Grant y ANID; viajes y actividades conjuntas según convocatoria (check)","Cerrada","https://fapesp.br/en/17591/joint-call-for-proposals-of-the-proasa-fapesp-program-and-agencia-nacional-de-investigacion-y-desarrollo-anid-2025 | https://fapesp.br/en/proasa | https://fapesp.br/17970/proasa-call-with-chilean-funding-agency-has-approved-proposals | https://investigacion.uc.cl/concursos/concurso-anid-fapesp-2025/","1 - Muy pertinente para Chile-Brasil, pero área temática ambiental/oceánica limita pertinencia para FACSO salvo proyectos socioambientales, territoriales, culturales o de gobernanza."
"América Latina y el Caribe","Convocatorias de investigación CLACSO","Consejo Latinoamericano de Ciencias Sociales (CLACSO)","Promoción de la investigación CLACSO","Ciencias Sociales; Humanidades; Educación; Género; Trabajo Social; Sociología; Antropología; Psicología social; interdisciplinario","Concursos de becas y convocatorias orientadas a ampliar la producción de conocimiento social sobre América Latina y el Caribe, generar articulación con políticas públicas y producir resultados como investigaciones, policy briefs y publicaciones.","Convocatorias recurrentes; página de concursos vigente verificada en 2026","Investigadores/as, equipos de investigación y centros vinculados a la red CLACSO; condiciones específicas varían por convocatoria.","Doctoral; Postdoctoral; Carrera temprana; Consolidado; Todas las etapas (según convocatoria)","Investigación básica; investigación aplicada; interdisciplinaria","No","Variable según convocatoria; No encontrado en página general","Variable; No encontrado","Variable según convocatoria","Recurrente","Sí","Sí (check)","Investigador/a individual, equipo o responsable de propuesta según convocatoria; frecuente requisito de pertenencia a centro miembro/asociado CLACSO (check)","Trabajo de investigación, producción de informes, publicaciones, policy briefs, participación en seminarios y actividades de intercambio; rubros exactos varían por llamado","Recurrente","https://www.clacso.org/becas/ | https://www.clacso.org/becas/concursos/ | https://www.clacso.org/promocion-de-la-investigacion-nuevo/","1 - Registro paraguas útil para monitoreo periódico; cada llamado específico debe bajarse a fila propia cuando abra."
"América Latina y el Caribe","Capacidades estatales, transición energética y justicia climática","CLACSO","Convocatorias de investigación CLACSO","Ciencias Sociales; políticas públicas; justicia climática; desarrollo; economía política; territorio","Convocatoria de investigación para equipos CLACSO orientada al mapeo y análisis de políticas públicas innovadoras con enfoque de justicia fiscal en América Latina y el Caribe, con foco que incluye Chile.","Convocatoria publicada en 2026; última versión verificable publicada hace 2 meses al momento de búsqueda","Equipos de investigación de CLACSO; convocatoria con foco territorial Argentina, Costa Rica, Chile, El Salvador, Paraguay y Perú.","Todas las etapas (check)","Investigación aplicada; interdisciplinaria","No encontrado","No encontrado","No encontrado","No encontrado","Puntual","Sí","Sí (check)","Equipo de investigación CLACSO; posible participación de investigador/a chileno/a en equipo con afiliación institucional (check)","Investigación regional, mapeo, análisis de políticas públicas, elaboración de productos de investigación; rubros financieros no encontrados","Cerrada","https://www.clacso.org/capacidades-estatales-transicion-energetica-y-justicia-climatica-2/ | https://www.clacso.org/becas/","1 - Falta verificar bases completas, monto y condiciones financieras; alta pertinencia temática para ciencias sociales y políticas públicas."
"América Latina y el Caribe","Libertad Académica en el Sur Global: aprendizajes sociales e institucionales desde América Latina, el Caribe y África","CLACSO y CODESRIA","Convocatorias de investigación CLACSO; colaboración Sur-Sur CLACSO-CODESRIA","Ciencias Sociales; Humanidades; educación superior; libertad académica; democracia; derechos humanos","Convocatoria para investigaciones sobre libertad académica en el Sur Global, orientada a aprendizajes sociales e institucionales desde América Latina, el Caribe y África.","Convocatoria publicada en 2026; última versión verificable publicada hace 7 meses al momento de búsqueda","Investigadores/as y equipos; no se aceptan postulantes que sean becarios/as vigentes de otras convocatorias de investigación, becas o ensayos CLACSO/CODESRIA.","Todas las etapas (check)","Investigación básica; investigación aplicada; interdisciplinaria","No encontrado","No encontrado","No encontrado","No encontrado","Puntual","Sí","Sí (check)","Investigador/a o equipo de investigación; rol específico sujeto a bases (check)","Desarrollo de investigación y publicación de resultados; rubros financieros no encontrados","Cerrada","https://www.clacso.org/libertad-academica-en-el-sur-global-aprendizajes-sociales-e-institucionales-desde-america-latina-el-caribe-y-africa/ | https://www.clacso.org/becas/","1 - Falta monto y detalle presupuestario; pertinente para educación superior, sociología del conocimiento, democracia y derechos académicos."
"América Latina y el Caribe","Strengthening Comparative Research and Critical Thinking on Academic Freedom in the Americas","CLACSO y Coalition for Academic Freedom in the Americas (CAFA)","Platforms for Social Dialogue Project","Ciencias Sociales; Humanidades; educación superior; derechos humanos; democracia","Call for Research para apoyar grupos de investigación comparada sobre libertad académica en las Américas, con distribución regional que contempla América Latina y el Caribe.","Última versión verificable 2024; estado actual no vigente","Grupos de investigación; hasta 7 grupos apoyados, distribuidos por regiones de las Américas.","Todas las etapas (check)","Investigación comparada; investigación aplicada; interdisciplinaria","No encontrado","No encontrado","No encontrado","No encontrado","Puntual","Sí","Sí (check)","Integrante o responsable de grupo de investigación según bases; Chile elegible dentro de Cono Sur/Andes según distribución regional (check)","Investigación comparada, productos de investigación y discusión de resultados; rubros financieros no encontrados","No vigente","https://www.clacso.org/strengthening-comparative-research-and-critical-thinking-on-academic-freedom-in-the-americas/","1 - Se conserva por trazabilidad histórica y posible recurrencia temática; verificar si abre nueva fase."
"América Latina y el Caribe","CALAS Laboratorio de Conocimiento - Fellowships de investigación","Centro Maria Sibylla Merian de Estudios Latinoamericanos Avanzados (CALAS) / Universidad de Guadalajara y sedes regionales","CALAS - Crear Horizontes: Aceleraciones, transformaciones y emergencias","Ciencias Sociales; Humanidades; estudios latinoamericanos; política; desigualdades; trabajo; cultura; interdisciplinario","Otorga becas de investigación para desarrollar proyectos en el marco de laboratorios temáticos de CALAS, con residencia en sedes como Guadalajara, San José, Quito o Buenos Aires.","Convocatoria 2026; apertura 01-05-2026 para laboratorio sobre radicalidad/radicalización; otras convocatorias hasta 17-05-2026","Investigadores/as con formación universitaria en Humanidades o Ciencias Sociales; grado mínimo doctorado; evaluación de trayectoria, publicaciones y calidad del proyecto.","Postdoctoral; Consolidado","Investigación básica; interdisciplinaria","No","Monto no encontrado; cubre beca/estancia según bases específicas","No encontrado","Estancias de investigación de duración variable; ejemplo 3 a 4 meses según convocatoria","Anual / Recurrente (check)","Sí","Sí (check)","Investigador/a visitante/fellow con proyecto propio; no necesariamente IP desde universidad chilena (check)","Manutención/beca, residencia, actividades académicas y desarrollo de proyecto; otros rubros no encontrados","Cerrada / Recurrente","https://calas.lat/es/convocatoria | https://www.udg.mx/es/node/85505?q=es%2Fnode%2F85505 | https://www.flacso.edu.ec/sites/default/files/2026-01/Convocatoria_CALAS_%20Lab_Aceleraciones%20_transformaciones%20_mundo_laboral_2026.pdf","1 - Es una beca de investigación con residencia; incluir solo si se acepta que el proyecto de investigación financiado puede implicar estancia."
"América Latina y el Caribe","Becas de investigador(a) visitante senior CALAS 2026","CALAS / Universidad de Guadalajara y sedes regionales","Centro Maria Sibylla Merian de Estudios Latinoamericanos Avanzados (CALAS)","Ciencias Sociales; Humanidades; estudios latinoamericanos; crisis y transformaciones","Becas para académicos/as senior de América Latina y el Caribe que desarrollen proyectos de investigación en Humanidades o Ciencias Sociales durante una residencia en sedes CALAS.","Convocatoria 2026; página verificada en 2026","Académicos/as destacados/as con doctorado, trayectoria y proyecto de investigación pertinente.","Consolidado","Investigación básica; interdisciplinaria","No","No encontrado","No encontrado","Tres meses de residencia, según convocatoria","Anual / Recurrente (check)","Sí","Sí (check)","Investigador/a visitante senior; postulación individual, no rol de IP institucional chileno (check)","Beca de residencia, desarrollo de proyecto, participación en actividades CALAS; rubros específicos no encontrados","Cerrada / Recurrente","https://calas.lat/es/convocatorias/becas-de-investigadora-visitante-senior-2026 | https://calas.lat/es/convocatoria","1 - Pertinente para académicos/as FACSO senior, pero clasifica parcialmente como estancia; verificar si se quiere mantener bajo criterios estrictos."
"América Latina y el Caribe","CALAS-HIAS Research Fellowship Hamburg/Bielefeld 2027","CALAS / Hamburg Institute for Advanced Study (HIAS) / Universität Bielefeld","CALAS-HIAS Research Fellowship","Ciencias Sociales; Humanidades; estudios latinoamericanos; geopolítica; transformación regional","Fellowship para destacados/as académicos/as de América Latina y el Caribe que desarrollen proyectos de investigación sobre cambios geopolíticos y transformación regional en América Latina.","Convocatoria abierta hasta 17-05-2026 para fellowship 2027","Académicos/as destacados/as de América Latina y el Caribe con proyecto interdisciplinario pertinente.","Consolidado","Investigación básica; interdisciplinaria","No","No encontrado","No encontrado","Seis meses en total: cuatro meses en Hamburgo y dos meses en Universidad de Bielefeld","Anual / Recurrente (check)","Sí","Sí (check)","Investigador/a fellow individual; no rol de IP institucional chileno (check)","Beca/residencia de investigación; detalles de rubros financieros no encontrados","Cerrada","https://calas.lat/es/convocatoria","1 - Aunque CALAS tiene sede principal en México, el financiamiento/residencia es parcialmente Alemania; mantener como oportunidad regional para investigadores LAC si se acepta categoría fellowship."
"América Latina y el Caribe","Sur Futuro / FutureWORKS - Llamado a propuestas de investigación 2026","Sur Futuro, iniciativa FutureWORKS del IDRC","FutureWORKS: Skills for a Sustainable and Inclusive Future of Work","Ciencias Sociales; trabajo; educación; género; desarrollo; tecnología; políticas públicas; interdisciplinario","Financia propuestas de investigación innovadoras, rigurosas y de alto impacto sobre transformaciones del mundo del trabajo en América Latina y el Caribe, con perspectiva de género y orientación a políticas públicas.","Convocatoria 2026; shortlisted antes del 20-08-2026; llamada 2024 y 2026 verificadas","Centros de investigación, universidades, think tanks, laboratorios de ideas y equipos de investigación de América Latina y el Caribe; universidades chilenas pueden liderar o integrar consorcios.","Todas las etapas; equipos de investigación","Investigación aplicada; interdisciplinaria","No encontrado","Hasta CAD 55.000 según difusión pública secundaria; confirmar en bases 2026 (check)","CAD","Hasta 12 meses según difusión pública secundaria; confirmar en bases 2026 (check)","Recurrente","Sí","Sí","Entidad postulante o líder de consorcio regional; la convocatoria 2024 incluyó proyecto liderado por Universidad Adolfo Ibáñez de Chile","Investigación, diseño/piloto de soluciones, generación de evidencia, acciones de política pública; rubros específicos no encontrados","Cerrada","https://www.sur-futuro.org/llamado-propuestas-2026 | https://www.sur-futuro.org/futureworks | https://www.sur-futuro.org/llamado-a-investigaciones-2024 | https://pure.uai.cl/es/projects/futureworks-skills-for-a-sustainable-and-inclusive-future-of-work/","1 - El financiamiento final proviene de IDRC, no de Argentina/Brasil/Uruguay/México; se incluye por operación regional LAC y clara elegibilidad chilena."
"América Latina y el Caribe","IICA-MINCyT - Proyectos interamericanos en bioeconomía","MINCyT Argentina e Instituto Interamericano de Cooperación para la Agricultura (IICA)","Convocatoria conjunta IICA-MINCyT","Interdisciplinario; bioeconomía; desarrollo rural; políticas públicas; tecnologías aplicadas al agro; ciencias sociales aplicadas (check)","Invita a investigadores/as y científicos/as a presentar propuestas de investigación con proyección interamericana sobre bioeconomía y tecnologías aplicadas al agro, con contrapartes señaladas como Chile y México.","Convocatoria 2024/2025 verificable en Argentina.gob.ar","Equipos de investigación nacionales argentinos y contrapartes interamericanas; la fuente indica contrapartes Chile y México, pero el financiamiento MINCyT solo cubre grupos argentinos (check).","Todas las etapas (check)","Investigación aplicada; I+D; interdisciplinaria","No claro (check)","No encontrado","No encontrado","No encontrado","Puntual","No claro (check)","No claro (check)","Contraparte chilena en proyecto interamericano; no queda claro que pueda ser responsable principal ni recibir fondos directos","Movilidades relacionadas con el proyecto e investigadores invitados; otros gastos no encontrados","Cerrada","https://www.argentina.gob.ar/node/394216 | https://www.argentina.gob.ar/sites/default/files/2023/08/23-8-2023_convocatoria_iica_mincyt.pdf","1 - Útil como antecedente de cooperación Argentina-Chile/México, pero no cumple plenamente el criterio de financiamiento directo a universidad chilena."
"América Latina y el Caribe","Convenio Chile-Argentina para proyectos de investigación científica y tecnológica","MINCyT Argentina y CONICYT/ANID Chile","Acuerdo marco / convenio de promoción de actividad científica y tecnológica Chile-Argentina","Todas las áreas; Ciencias Sociales y Humanidades potencialmente elegibles según convocatoria específica (check)","Marco bilateral para colaborar en proyectos de investigación científica y tecnológica desarrollados por grupos de investigadores argentinos y chilenos; las áreas se definen en cada convocatoria.","Convenio vigente/histórico verificado; convocatorias específicas recientes no encontradas","Investigadores/as de universidades, instituciones de investigación estatales o privadas sin fines de lucro de Chile y Argentina, según antecedente histórico de convocatorias de intercambio.","Todas las etapas (check)","Investigación básica; investigación aplicada; interdisciplinaria","No encontrado","No encontrado","No encontrado","No encontrado","Irregular","Sí","Sí","Investigador/a chileno/a contraparte de grupo argentino; rol principal sujeto a convocatoria específica","Proyectos conjuntos; en antecedentes históricos financió intercambio/movilidad, no necesariamente ejecución completa de investigación (check)","Vigencia no verificada (check)","https://www.conicyt.cl/sobre-conicyt/convenios/convenios-internacionales/acuerdo-marco-de-promocion-de-la-actividad-cientifica-y-tecnologica-entre-la-comision-nacional-de-investigacion-cientifica-y-tecnologica-de-la-republica-de-chile-y-el-ministerio-de-ciencia-tecnologia/ | https://www.conicyt.cl/sobre-conicyt/convenios/convenios-internacionales/convenio-de-promocion-de-la-actividad-cientifica-y-tecnologica-de-la-republica-de-chile-la-agencia-nacional-de-promocion-cientifica-y-tecnologica-y-la-direccion-nacional-de-relaciones-internacionale/ | https://www.conicyt.cl/pci/2009/05/proyectos-de-intercambio-conicytmincyt-argentina-convocatoria-2009/","1 - No encontré convocatoria abierta reciente de investigación Chile-Argentina; mantener como alerta de monitoreo, no como oportunidad vigente."
"América Latina y el Caribe","CLIMAT-AmSud 2026","Programa Regional CLIMAT-AmSud; agencias contraparte de Argentina, Brasil, Chile, Colombia, Paraguay, Perú y Uruguay, con cooperación francesa","Programas Regionales AmSud","Cambio climático; interdisciplinario; ciencias sociales y humanas; ambiente; territorio","Promueve y fortalece colaboración y redes de investigación-desarrollo sobre variabilidad y cambio climático mediante proyectos conjuntos; admite disciplinas sociales y humanas con enfoque interdisciplinario.","Convocatoria 2026; informe de avance antes del 01-10-2026 según fuente; fecha de cierre no encontrada en fuente consultada","Equipos de investigación de países participantes, incluyendo Chile, Argentina, Brasil y Uruguay; requiere coordinación internacional del proyecto.","Todas las etapas; equipos de investigación","Investigación aplicada; I+D; interdisciplinaria","No claro (check)","No encontrado","No encontrado","No encontrado","Anual","Sí","Sí","Coordinador/a internacional o socio/a de proyecto conjunto; Chile participa a través de agencias nacionales (check)","Actividades de investigación-desarrollo y cooperación; en programas AmSud suele financiar movilidad/coordinación, por lo que se debe revisar si cubre costos de ejecución (check)","Cerrada / Recurrente","https://agro.uba.ar/internacionales/convocatorias/3596","1 - Muy pertinente para ciencias sociales ambientales, pero falta fuente primaria con bases completas y monto; posible sesgo a movilidad/redes."
"América Latina y el Caribe","Fondo Conjunto de Cooperación Técnica y Científica Uruguay-México 2025","AUCI Uruguay y AMEXCID México","Fondo Conjunto Uruguay-México","Interdisciplinario; salud; desarrollo sostenible; cultura; educación; ciencia aplicada (check)","Promueve proyectos técnicos y científicos en áreas clave para el desarrollo sostenible entre México y Uruguay; admite entidades académicas/de investigación sin fines de lucro asociadas a organismos públicos de sus países.","VI Convocatoria 2025; cierre 15-07-2025; resultados para programa 2025-2027","Instituciones del sector público de México y Uruguay; entidades académicas, de investigación, asociaciones y organizaciones civiles sin fines de lucro asociadas con organismo público de su país. La participación de terceros actores se menciona como posibilidad, pero no como postulantes principales (check).","Todas las etapas (check)","Investigación aplicada; cooperación técnica y científica; interdisciplinaria","No claro (check)","Ejemplo de resultado: proyecto UNAM-INIA por USD 95.000; monto máximo general no encontrado","USD","Programa 2025-2027","Irregular / Recurrente","No claro (check)","No claro (check)","Chile podría participar solo como tercer actor o socio externo si las bases lo permiten; no como postulante principal (check)","Cooperación técnica y científica; actividades de proyecto aprobadas; fondos administrados según reglas AUCI/AMEXCID/PNUD (check)","Cerrada","https://www.gub.uy/agencia-uruguaya-cooperacion-internacional/comunicacion/convocatorias/vi-convocatoria-fondo-conjunto-cooperacion-tecnica-cientifica-uruguay | https://www.gob.mx/amexcid/documentos/vi-convocatoria-2025-fondo-mexico-uruguay | https://www.gub.uy/ministerio-educacion-cultura/comunicacion/noticias/uruguay-mexico-renuevan-lazos-estrategicos-cooperacion | https://www.fing.edu.uy/sites/default/files/2025-06/bases-vi-convocatoria-2025-fondo-uy-mx_0.pdf","1 - No cumple plenamente criterio de elegibilidad chilena como responsable; se incluye por pedido específico de México/Uruguay y posible rol como tercer actor."
"América Latina y el Caribe","Convocatoria conjunta EU-LAC en Ciencia, Tecnología e Innovación 2025","Grupo de Interés EU-LAC; ANII Uruguay y otras agencias participantes","Espacio Común de Investigación EU-LAC","Interdisciplinario; depende de ejes temáticos de cada convocatoria; ciencias sociales potenciales según tema (check)","Apoya proyectos internacionales de investigación en el marco del espacio común de investigación EU-LAC. Uruguay participa a través de ANII para financiar grupos uruguayos; la elegibilidad chilena depende de la participación de agencia chilena en el llamado específico.","24-02-2025 a 22-05-2025 según ANII","Consorcios internacionales con grupos de los países/agencias participantes; Chile no aparece confirmado en la ficha ANII consultada (check).","Todas las etapas; equipos de investigación","Investigación básica; investigación aplicada; interdisciplinaria; I+D","No claro (check)","No encontrado","No encontrado","No encontrado","Irregular","No claro (check)","No claro (check)","Socio/a de consorcio si Chile cuenta con agencia financiadora participante o si bases permiten participación autofinanciada (check)","Gastos de investigación según reglas de cada agencia nacional; ANII financia grupos uruguayos","Cerrada","https://anii.org.uy/apoyos/investigacion/ | https://www.anii.org.uy/upcms/files/llamados/informecierre/informe-cierre-convocatoria-eulac-2025.pdf","1 - Requiere verificar convocatoria EU-LAC específica para confirmar elegibilidad y financiamiento chileno; no asumir postulabilidad directa."
"América Latina y el Caribe","Belmont Forum OCEAN 2 - Annex ANII Uruguay","Belmont Forum; ANII Uruguay como agencia participante","Belmont Forum Collaborative Research Action OCEAN 2","Ciencias Sociales; Humanidades; economía; ambiente; océanos; transdisciplinario","Convocatoria transdisciplinaria para desafíos ambientales globales relacionados con océanos, con requisito de consorcios de tres o más países y participación de ciencias sociales/humanidades/economía, ciencias naturales y socios sociales.","Convocatoria 2025; ficha ANII verificada en 2026","Consorcios de al menos tres participantes de tres países distintos que soliciten apoyo de al menos tres organizaciones de financiamiento participantes; ANII financia grupos uruguayos.","Todas las etapas; equipos de investigación","Investigación aplicada; interdisciplinaria; transdisciplinaria","No claro (check)","No encontrado","No encontrado","No encontrado","Irregular","No claro (check)","No claro (check)","Chile podría participar si cuenta con fuente financiadora participante o como socio autofinanciado según bases del Belmont Forum; no confirmado en fuente ANII (check)","Investigación transdisciplinaria, codiseño, implementación conjunta, trabajo con socios sociales; gastos según anexos nacionales","Cerrada","https://anii.org.uy/apoyos/investigacion/519/convocatoria-belmont-forum-ocean-2/","1 - Pertinente para ciencias sociales ambientales, pero la fuente uruguaya no confirma financiamiento para equipos chilenos."
