"convocatoria","programa","institucion_financiante","pais","region","idiomas","area_disciplinar","objetivo","alcance","perfil_investigador_elegible","requiere_cofinanciamiento","monto_financiamiento","moneda","gastos_financiables","duracion_proyecto","fecha_apertura","fecha_cierre","frecuencia_apertura_llamado","enlaces","elegibilidad_uchile","observaciones_dudas","etapa_carrera","tipo_investigacion","estado_actual","ultima_verificacion","id"
"General Research Grants: Projects","General Research Grants: Projects","Gerda Henkel Stiftung","No encontrado","Europa","No encontrado","Humanidades históricas; Arqueología; Historia; Historia del arte; Derecho histórico; Prehistoria e historia temprana; Estudios islámicos; otras humanidades con enfoque histórico","Financia proyectos de investigación en humanidades históricas. Permite solicitar becas de investigación para participantes, viajes, materiales y contratos menores vinculados al proyecto.","No encontrado","Investigadores/as individuales o pequeños equipos; solicitantes deben participar activamente en la investigación y publicar resultados propios.","No","No hay monto máximo general explícito; solicitudes menores hasta EUR 30.000 por procedimiento simplificado (check)","EUR","Becas de investigación, viajes, materiales, contratos para actividades menores de investigación; no cubre overheads, aranceles ni salarios ordinarios.","No encontrado","No encontrado","Próxima fecha verificable: 28 mayo 2026 para reunión de comité de otoño; solicitudes menores hasta EUR 30.000 sin fecha fija (check)","Anual; Permanente para solicitudes menores (check)","https://www.gerda-henkel-stiftung.de/en/grants_projects | https://www.gerda-henkel-stiftung.de/en/grants","No claro (check)","Elegibilidad para universidad chilena no aparece formulada como lista de países; inferida por carácter internacional y proyectos mundiales (check) (check) Semilla legacy sin verificación web actual. Región provisional; objetivo/alcance conservado sin separación inferida. Elegibilidad legacy Chile: Sí (convocatoria internacional; proyectos financiados mundialmente) ; universidad: Sí (se permite cuenta institucional para fondos aprobados; universidad chilena plausible como institución administradora) (check)","Doctoral; Postdoctoral; Consolidado","Investigación básica; Interdisciplinaria","No claro (check)","No encontrado","call_aa845571a767fb912111"
"Funding Programme Democracy","Funding Programme Democracy","Gerda Henkel Stiftung","No encontrado","Europa","No encontrado","Ciencias Sociales; Humanidades; Ciencia política; Sociología histórica; Estudios de democracia","Financia grupos de investigación postdoctorales sobre democracia, amenazas, transformaciones y futuros democráticos, con enfoque histórico o contemporáneo.","No encontrado","Investigadores/as postdoctorales con vínculo universitario; grupos de al menos dos académicos/as activos/as.","No","Hasta tres becas de investigación más fondos de viaje y equipamiento; becas desde EUR 2.760/mes para postdocs y EUR 3.720/mes para investigadores/as senior según categoría","EUR","Becas postdoctorales o de investigación, viaje y equipamiento; no cubre overheads ni aranceles.","Máximo 36 meses","No encontrado","Última fecha verificable: 3 junio 2026 (check)","No claro (check)","https://www.gerda-henkel-stiftung.de/en/democracy?page_id=57 | https://fundit.fr/en/calls/gerda-henkel-grantsfunding-programme-democracy","No claro (check)","Fuente secundaria usada para fecha/montos detallados cuando la página oficial no mostraba todo en el extracto; verificar bases completas antes de postular (check) (check) Semilla legacy sin verificación web actual. Región provisional; objetivo/alcance conservado sin separación inferida. Elegibilidad legacy Chile: Sí (convocatoria internacional; no restringida explícitamente a Alemania) (check) ; universidad: Sí (requiere vínculo universitario; una universidad chilena parece admisible si cumple condiciones institucionales) (check)","Postdoctoral; Consolidado","Investigación básica; Investigación aplicada; Interdisciplinaria","No claro (check)","No encontrado","call_e314d56375cbd164f842"
"Funding Programme Lost Cities","Funding Programme Lost Cities","Gerda Henkel Stiftung","No encontrado","Europa","No encontrado","Arqueología; Historia urbana; Humanidades históricas; Ciencias Sociales urbanas con enfoque histórico","Apoya proyectos de investigación sobre ciudades abandonadas, ruinas urbanas y transformaciones históricas de asentamientos urbanos.","No encontrado","Investigadores/as postdoctorales basados/as en universidad y del área de humanidades o ciencias sociales.","No","Becas de investigación; fondos para personal, viajes, equipamiento/materiales; monto máximo no encontrado","EUR","Beca para solicitante principal, becas para participantes, personal, viajes, equipamiento y materiales.","No encontrado","No encontrado","No encontrado","No claro (check)","https://www.gerda-henkel-stiftung.de/en/lost_cities","No claro (check)","Vigencia y fecha de nueva convocatoria no verificadas (check) (check) Semilla legacy sin verificación web actual. Región provisional; objetivo/alcance conservado sin separación inferida. Elegibilidad legacy Chile: Sí (convocatoria internacional; no se encontró restricción nacional) (check) ; universidad: Sí (requiere base universitaria) (check)","Postdoctoral; Consolidado","Investigación básica; Interdisciplinaria","No claro (check)","No encontrado","call_4dafe6a76653a867b894"
"Funding Programme Forced Migration","Funding Programme Forced Migration","Gerda Henkel Stiftung","No encontrado","Europa","No encontrado","Ciencias Sociales; Humanidades; Migración; Derechos humanos; Historia; Antropología; Sociología","Financia proyectos sobre migración forzada y desplazamiento, con posibilidad de becas para solicitantes y participantes, así como costos de investigación.","No encontrado","Investigadores/as principales y grupos de investigación; perfil exacto no encontrado en detalle.","No","Becas de investigación y fondos complementarios; monto máximo no encontrado","EUR","Becas de investigación para solicitante(s), becas doctorales o de investigación para participantes, viaje, materiales y otros costos vinculados.","No encontrado","No encontrado","No encontrado","No claro (check)","https://www.gerda-henkel-stiftung.de/en/forced_migration","No claro (check)","Información sintética; se requiere verificar bases vigentes y fecha antes de postular (check) (check) Semilla legacy sin verificación web actual. Región provisional; objetivo/alcance conservado sin separación inferida. Elegibilidad legacy Chile: Sí (convocatoria internacional; no se encontró restricción nacional) (check) ; universidad: Sí (si la universidad chilena puede administrar fondos o acreditar vínculo institucional) (check)","Postdoctoral; Consolidado; No encontrado","Investigación básica; Investigación aplicada; Interdisciplinaria","No claro (check)","No encontrado","call_2d2a3c42ccd24b0009f5"
"Funding Programme Security, Society and the State","Funding Programme Security, Society and the State","Gerda Henkel Stiftung","No encontrado","Europa","No encontrado","Ciencias Sociales; Humanidades; Seguridad; Estado; Sociología; Ciencia política; Historia","Apoya investigación sobre seguridad, sociedad y Estado, incluyendo problemas contemporáneos y su contextualización histórica.","No encontrado","Investigadores/as con proyecto de investigación; perfil exacto no encontrado en detalle.","No","No encontrado","EUR","Becas de investigación, viaje, materiales y apoyo a actividades del proyecto; detalle no encontrado.","No encontrado","No encontrado","No encontrado","No claro (check)","https://www.gerda-henkel-stiftung.de/en/projects","No claro (check)","No se encontró página específica con bases vigentes en la búsqueda; registrar como verificable solo a nivel de programa activo de la fundación (check) (check) Semilla legacy sin verificación web actual. Región provisional; objetivo/alcance conservado sin separación inferida. Elegibilidad legacy Chile: Sí (convocatoria internacional de la fundación; no se encontró restricción nacional) (check) ; universidad: Sí (si existe vínculo y administración institucional) (check)","Postdoctoral; Consolidado; No encontrado","Investigación básica; Investigación aplicada; Interdisciplinaria","No claro (check)","No encontrado","call_06d83f5d191fcf487fdc"
"Patrimonies Funding Initiative","Patrimonies Funding Initiative","Gerda Henkel Stiftung","No encontrado","Europa","No encontrado","Patrimonio cultural; Arqueología; Humanidades; Historia; Conservación patrimonial","Considera proyectos relacionados con preservación de patrimonio cultural histórico, especialmente en regiones en crisis; puede incluir componentes de investigación y documentación patrimonial.","No encontrado","Instituciones o equipos vinculados a patrimonio histórico; perfil exacto no encontrado.","No encontrado","No encontrado","EUR","Preservación patrimonial, documentación, materiales, trabajo de campo y otros costos relacionados; detalle no encontrado.","No encontrado","No encontrado","No encontrado","No claro (check)","https://www.gerda-henkel-stiftung.de/en/patrimonies_en","No claro (check)","Puede ser más patrimonial que investigación académica estricta; incluir solo si el proyecto tiene componente investigativo claro (check) (check) Semilla legacy sin verificación web actual. Región provisional; objetivo/alcance conservado sin separación inferida. Elegibilidad legacy Chile: Sí (no se encontró restricción nacional explícita) (check) ; universidad: No claro (check)","Todas las etapas; No encontrado","Investigación aplicada; Interdisciplinaria","No claro (check)","No encontrado","call_31eb145b23dd30ff9e97"
"Research Grants","Research Grants","Fondation Fyssen","No encontrado","Europa","No encontrado","Psicología; Antropología; Arqueología; Etología; Paleontología; Epistemología; Lógica; Ciencias del sistema nervioso","Financia investigaciones sobre mecanismos cognitivos y del comportamiento en seres vivos, incluyendo fundamentos biológicos y culturales.","No encontrado","Investigadores/as que lideren un proyecto en las áreas elegibles; salario del IP no financiable.","No encontrado","Hasta EUR 100.000","EUR","Equipamiento, materiales, consumibles, salarios excepto IP, servicios especializados, viajes de investigación o congresos, costos de publicación.","No encontrado","No encontrado","Última convocatoria verificable: 2025; fecha exacta no encontrada en fuente oficial resumida (check)","Anual (check)","https://www.fondationfyssen.fr/en/our-actions/research-grants/ | https://www.fondationfyssen.fr/en/our-actions/","No claro (check)","La fuente oficial no explicita Chile por nombre; elegibilidad internacional debe confirmarse en formulario vigente (check) (check) Semilla legacy sin verificación web actual. Región provisional; objetivo/alcance conservado sin separación inferida. Elegibilidad legacy Chile: Sí (convocatoria internacional; no se encontró restricción territorial para IP) (check) ; universidad: Sí (si la universidad chilena actúa como laboratorio/institución de adscripción) (check)","Postdoctoral; Consolidado","Investigación básica; Interdisciplinaria","No claro (check)","No encontrado","call_e8d17aae64b7d4ff00b7"
"LEVANTE 2026 Call for Proposals","Learning Variability Network Exchange (LEVANTE)","Jacobs Foundation","No encontrado","Europa","No encontrado","Educación; Psicología; Desarrollo infantil; Ciencias del aprendizaje; Interdisciplinario","Financia proyectos que se sumen a una red global para estudiar variabilidad del aprendizaje infantil en distintos contextos.","No encontrado","Equipos de investigación que propongan proyectos sobre niños/as de 5 a 12 años y variabilidad del aprendizaje; se alientan regiones subrepresentadas.","No encontrado","Fondo total USD 6.000.000; financiamiento individual hasta USD 1.000.000","USD","Costos de investigación para integrarse a la red LEVANTE; categorías específicas no encontradas en extracto.","No encontrado para 2026; versión 2025 indicaba duración mínima de 4 años (check)","No encontrado","Abierta del 13 abril al 10 junio 2026","Anual (check)","https://jacobsfoundation.org/levante-opens-2026-call-for-proposals/ | https://jacobsfoundation.org/news/","No claro (check)","Revisar sitio LEVANTE para bases completas; gastos y condiciones institucionales no visibles en extracto (check) (check) Semilla legacy sin verificación web actual. Región provisional; objetivo/alcance conservado sin separación inferida. Elegibilidad legacy Chile: Sí (convocatoria global; fomenta regiones subrepresentadas) ; universidad: Sí (postulación desde institución académica; universidad chilena plausible) (check)","Todas las etapas; No encontrado","Investigación básica; Investigación aplicada; Interdisciplinaria","No claro (check)","No encontrado","call_68c8091aedcc17e36da4"
"AXA Chairs","AXA Chairs","AXA Foundation for Human Progress / AXA Research Fund","No encontrado","Europa","No encontrado","Interdisciplinario; Ciencias Sociales y Humanidades; Economía; Riesgos; Salud; Clima; Tecnología; Sociedad","Financia cátedras de investigación transdisciplinaria de largo plazo lideradas por investigadores/as senior sobre riesgos complejos, integrando SSH/economía con ciencias naturales, ingeniería o tecnología y socios no académicos.","No encontrado","Investigadores/as senior con PhD +10 años; instituciones académicas de todo el mundo registradas en base AXA.","No encontrado","Hasta EUR 1.500.000","EUR","Red de investigación, personal, actividades de investigación, colaboración transdisciplinaria y socios no académicos; categorías detalladas en guía.","5 años","No encontrado","Convocatoria 2026 abierta según página oficial; guía publicada abril 2026 (check)","No claro (check)","https://axafoundation.org/en/science/fund-your-research | https://institution.axa-research.org/guidelines.pdf | https://institution.axa-research.org/","No claro (check)","Debe integrar al menos una disciplina SSH/economía y una natural/ingeniería/tecnología; no es exclusivo de ciencias sociales (check) (check) Semilla legacy sin verificación web actual. Región provisional; objetivo/alcance conservado sin separación inferida. Elegibilidad legacy Chile: Sí (abierta a investigadores/as e instituciones académicas worldwide) ; universidad: Sí (universidad chilena elegible si está/puede estar registrada como institución académica AXA) (check)","Consolidado","Investigación aplicada; Interdisciplinaria; I+D","No claro (check)","No encontrado","call_18c91daf4207e4fff7ce"
"Open Up – New Research Spaces for the Humanities and Cultural Studies","Open Up – New Research Spaces for the Humanities and Cultural Studies","VolkswagenStiftung","No encontrado","Europa","No encontrado","Humanidades; Estudios culturales; Interdisciplinario","Financia proyectos que abren nuevos espacios de investigación en humanidades y estudios culturales, con enfoques novedosos y exploratorios.","No encontrado","Investigadores/as en humanidades y estudios culturales; elegibilidad institucional completa no encontrada.","No encontrado","No encontrado","EUR","No encontrado","No encontrado","No encontrado","No encontrado","No claro (check)","https://www.volkswagenstiftung.de/en/funding/funding-offer/open-new-research-spaces-humanities-and-cultural-studies","No claro (check)","La VolkswagenStiftung suele exigir vínculo con institución alemana en varias líneas; no se verificó si universidad chilena puede ser institución líder (check) (check) Semilla legacy sin verificación web actual. Región provisional; objetivo/alcance conservado sin separación inferida. Elegibilidad legacy Chile: No claro (check) ; universidad: No claro (check)","Postdoctoral; Consolidado; No encontrado","Investigación básica; Interdisciplinaria","No claro (check)","No encontrado","call_bda37515cf2da272af07"
"Transformational Knowledge on Democracies under Change – Transdisciplinary Perspectives","Transformational Knowledge on Democracies under Change – Transdisciplinary Perspectives","VolkswagenStiftung","No encontrado","Europa","No encontrado","Ciencias Sociales; Humanidades; Estudios culturales; Democracia; Interdisciplinario","Apoya grupos transdisciplinarios sobre democracias en cambio, integrando investigadores/as de humanidades, ciencias culturales y sociales con actores extraacadémicos.","No encontrado","Investigadores/as doctorados/as en humanidades, estudios culturales o ciencias sociales; grupos con 2-3 investigadores/as y actores no académicos.","No encontrado","No encontrado","EUR","No encontrado","No encontrado","No encontrado","No encontrado","No claro (check)","https://www.volkswagenstiftung.de/en/funding/funding-offer/transformational-knowledge-democracies-under-change-transdisciplinary-perspectives","No claro (check)","Aunque menciona investigadores/as internacionales, no quedó verificado que un/a residente en Chile pueda ser IP con universidad chilena como institución administradora (check) (check) Semilla legacy sin verificación web actual. Región provisional; objetivo/alcance conservado sin separación inferida. Elegibilidad legacy Chile: No claro (check) ; universidad: No claro (check)","Postdoctoral; Consolidado","Investigación aplicada; Interdisciplinaria","No claro (check)","No encontrado","call_253aed53b0101b6fca55"
"Horizon Europe – Cluster 2: Culture, Creativity and Inclusive Society, Research and Innovation Actions","Horizon Europe","Comisión Europea","No encontrado","Europa","No encontrado","Ciencias Sociales y Humanidades; Democracia; Patrimonio cultural; Transformaciones sociales y económicas; Educación según tópico","Financia proyectos colaborativos de investigación e innovación en democracia, gobernanza, patrimonio, cultura y transformaciones sociales/económicas, con fuerte componente SSH.","No encontrado","Consorcios internacionales; entidades de terceros países pueden participar, pero la coordinación y financiamiento dependen de reglas Horizon Europe.","No encontrado","Según tópico; montos por topic no sistematizados en esta fila","EUR","Personal, viajes, subcontratación, equipamiento, otros costos directos elegibles según acuerdo de subvención; detalle depende del tópico.","Según tópico","No encontrado","Work Programme 2025 vigente; nuevas programaciones 2026-2027 publicadas parcialmente (check)","Anual","https://research-and-innovation.ec.europa.eu/research-area/social-sciences-and-humanities_en | https://euraxess.ec.europa.eu/worldwide/lac | https://research-and-innovation.ec.europa.eu/funding/funding-opportunities/funding-programmes-and-open-calls/horizon-europe_en","No claro (check)","Chile no figura entre países LAC automáticamente financiables según EURAXESS; puede participar, pero financiamiento y rol de IP requieren verificación por tópico o financiamiento complementario (check) (check) Semilla legacy sin verificación web actual. Región provisional; objetivo/alcance conservado sin separación inferida. Elegibilidad legacy Chile: No claro (check) ; universidad: No claro (check)","Todas las etapas","Investigación aplicada; I+D; Interdisciplinaria","No claro (check)","No encontrado","call_8657289547281dbb4009"
"MSCA Staff Exchanges","Marie Skłodowska-Curie Actions / Horizon Europe","Comisión Europea","No encontrado","Europa","No encontrado","Todas las áreas; Ciencias Sociales y Humanidades; Educación; Psicología; Interdisciplinario","Financia proyectos colaborativos internacionales basados en intercambio de personal para investigación e innovación, transferencia de conocimiento y colaboración intersectorial.","No encontrado","Universidades y organizaciones de investigación en consorcios internacionales; terceros países pueden participar según reglas MSCA.","No encontrado","Según convocatoria; contribuciones unitarias MSCA por persona-mes (monto específico no encontrado)","EUR","Costos asociados a secondments, investigación, networking, capacitación y gestión según reglas MSCA.","Hasta 4 años en versiones habituales (check)","No encontrado","Work Programme 2023-2025; fechas 2026 no encontradas en la búsqueda (check)","Anual","https://marie-sklodowska-curie-actions.ec.europa.eu/resources/documents/marie-sklodowska-curie-actions-work-programme-2023-2025 | https://euraxess.ec.europa.eu/worldwide/lac","No claro (check)","Incluye movilidad/intercambio como mecanismo central; puede caer en exclusión si no se considera proyecto de investigación colaborativo (check) (check) Semilla legacy sin verificación web actual. Región provisional; objetivo/alcance conservado sin separación inferida. Elegibilidad legacy Chile: No claro (check) ; universidad: Sí (universidades chilenas pueden participar como terceros países; financiamiento directo no siempre automático) (check)","Todas las etapas","Investigación aplicada; I+D; Interdisciplinaria","No claro (check)","No encontrado","call_32cf7ff009feeb54073a"
"Research Grants on Education: Small","Research Grants on Education: Small","The Spencer Foundation","No encontrado","América del Norte","No encontrado","Educación; Ciencias Sociales; Psicología; Sociología; Antropología; Humanidades; Interdisciplinario","Financia proyectos de investigación académica sobre educación, aprendizaje y mejora de la educación, con diversidad metodológica y disciplinar.","No encontrado","Investigadores/as con doctorado; estudiantes de postgrado pueden integrar el equipo pero no figurar como PI o Co-PI.","No claro (check)","Hasta 50.000","USD","Costos directos de investigación; posible suplemento para course release; gastos deben corresponder a investigación en educación.","1 a 5 años","No encontrado","Última versión verificable: convocatoria cerrada; el programa indica dos ciclos por año.","Bianual","https://www.spencer.org/grant_types/small-research-grant","No claro (check)","Propuestas aceptadas internacionalmente y universidades fuera de EE. UU. pueden ser organización equivalente; revisar políticas vigentes y overhead antes de postular (check). (check) Semilla legacy sin verificación web actual. Región provisional; objetivo/alcance conservado sin separación inferida. Elegibilidad legacy Chile: Sí ; universidad: Sí","Postdoctoral; Carrera temprana; Consolidado","Investigación básica; Investigación aplicada; Interdisciplinaria","No claro (check)","No encontrado","call_b15e7b35f0fd6c94d5df"
"Research Grants on Education: Large","Research Grants on Education: Large","The Spencer Foundation","No encontrado","América del Norte","No encontrado","Educación; Ciencias Sociales; Psicología; Sociología; Antropología; Humanidades; Interdisciplinario","Financia proyectos de investigación académica rigurosos y ambiciosos sobre educación, aprendizaje y mejora de la educación.","No encontrado","Investigadores/as con doctorado; estudiantes de postgrado pueden integrar el equipo pero no figurar como PI o Co-PI.","No","125.000 a 500.000","USD","Costos directos de investigación; hasta 15% de costos indirectos incluidos en el presupuesto total.","1 a 5 años","No encontrado","Última versión verificable: desde 2026 contempla un ciclo anual de prepropuestas.","Anual","https://www.spencer.org/grant_types/large-research-grant","No claro (check)","Elegibilidad internacional explícita; confirmar calendario vigente de prepropuesta y requisitos institucionales al postular (check). (check) Semilla legacy sin verificación web actual. Región provisional; objetivo/alcance conservado sin separación inferida. Elegibilidad legacy Chile: Sí ; universidad: Sí","Postdoctoral; Carrera temprana; Consolidado","Investigación básica; Investigación aplicada; Interdisciplinaria","No claro (check)","No encontrado","call_d354d3be4682f4cf77e1"
"Racial Equity Research Grants","Racial Equity Research Grants","The Spencer Foundation","No encontrado","América del Norte","No encontrado","Educación; Equidad racial; Ciencias Sociales; Psicología; Sociología; Estudios de género; Interdisciplinario","Apoya investigación en educación orientada a comprender y desarticular desigualdades raciales y avanzar hacia la equidad educativa.","No encontrado","Investigadores/as afiliados/as a organización sin fines de lucro o institución pública/gubernamental; requisitos específicos de PI/Co-PI según convocatoria.","No","Hasta 75.000","USD","Costos directos del proyecto; no incluye costos indirectos según la descripción del programa.","1 a 5 años","No encontrado","Aplicaciones abiertas: 16 de marzo de 2026; Full Proposal Deadline: 1 de julio de 2026, 12:00 PM CT. Intent to Apply ya vencido.","Anual","https://www.spencer.org/grant_types/racial-equity-special-research-grants","No claro (check)","El plazo de Intent to Apply ya pasó; solo sería viable para postulantes que lo hayan completado oportunamente (check). (check) Semilla legacy sin verificación web actual. Región provisional; objetivo/alcance conservado sin separación inferida. Elegibilidad legacy Chile: Sí ; universidad: Sí","Postdoctoral; Carrera temprana; Consolidado","Investigación básica; Investigación aplicada; Interdisciplinaria","No claro (check)","No encontrado","call_5348a8a2ff9a80cdf3f6"
"Research-Practice Partnerships: Collaborative Research for Educational Change","Research-Practice Partnerships: Collaborative Research for Educational Change","The Spencer Foundation","No encontrado","América del Norte","No encontrado","Educación; Ciencias Sociales; Psicología; Sociología; Políticas públicas; Interdisciplinario","Financia alianzas investigación-práctica para investigación colaborativa orientada al cambio educativo.","No encontrado","Investigadores/as o socios/as de práctica/política con doctorado o experiencia profesional apropiada; estudiantes no pueden ser PI o Co-PI.","No","Hasta 400.000, incluyendo hasta 15% de costos indirectos","USD","Costos de investigación colaborativa; personal, actividades de alianza, análisis, difusión y costos directos del proyecto; hasta 15% de indirectos.","Hasta 3 años","No encontrado","Última versión verificable: convocatoria recurrente; revisar ciclo vigente en portal.","No claro (check)","https://www.spencer.org/grant_types/research-practice-partnerships","No claro (check)","Elegibilidad internacional explícita; requiere al menos un Co-PI desde la contraparte de práctica/política o investigación según corresponda (check). (check) Semilla legacy sin verificación web actual. Región provisional; objetivo/alcance conservado sin separación inferida. Elegibilidad legacy Chile: Sí ; universidad: Sí","Carrera temprana; Consolidado; Todas las etapas","Investigación aplicada; Interdisciplinaria","No claro (check)","No encontrado","call_9db7c42a5ef3dd23f355"
"Vision Grants","Vision Grants","The Spencer Foundation","No encontrado","América del Norte","No encontrado","Educación; Ciencias Sociales; Psicología; Sociología; Humanidades; Interdisciplinario","Grants de planificación para imaginar y diseñar proyectos colaborativos, metodológicamente diversos, orientados a reimaginar sistemas educativos para la equidad.","No encontrado","PI/Co-PI con experiencia apropiada, doctorado o grado terminal; estudiantes pueden integrar equipos pero no figurar como PI o Co-PI.","No","Hasta 75.000","USD","Planificación de investigación; reuniones de equipo; diseño metodológico; colaboración con comunidades, educadores, gobiernos o actores de política; no costos indirectos.","Hasta 12 meses","No encontrado","Última versión verificable: dos ciclos por año; revisar fechas vigentes en portal.","Bianual","https://www.spencer.org/grant_types/vision-grants","No claro (check)","Financia planificación de investigación, no ejecución plena; los equipos financiados pueden postular luego a Transformative Research Grant u otros programas (check). (check) Semilla legacy sin verificación web actual. Región provisional; objetivo/alcance conservado sin separación inferida. Elegibilidad legacy Chile: Sí ; universidad: Sí","Carrera temprana; Consolidado; Todas las etapas","Interdisciplinaria; Investigación aplicada","No claro (check)","No encontrado","call_41c3dd52983962061690"
"Dissertation Fieldwork Grant","Dissertation Fieldwork Grant","Wenner-Gren Foundation","No encontrado","América del Norte","No encontrado","Antropología; Arqueología; Ciencias Sociales; Humanidades; Interdisciplinario","Financia investigación de campo para tesis doctoral en antropología o campos relacionados, con contribución esperada al conocimiento antropológico.","No encontrado","Estudiantes doctorales matriculados/as en programa doctoral o equivalente, con requisitos cumplidos salvo tesis antes del inicio del proyecto.","No","Hasta 25.000","USD","Trabajo de campo, asistentes, viajes de investigación y gastos justificados del proyecto; no overhead institucional.","No hay límite general de duración indicado; debe ajustarse a fases de investigación propuestas.","No encontrado","Plazos anuales: 1 de mayo y 1 de noviembre; próxima ventana verificable: 1 de noviembre de 2026 para proyectos que comiencen entre julio y diciembre del año siguiente.","Anual","https://wennergren.org/program/dissertation-fieldwork-grant/ | https://wennergren.org/application-guide/dissertation-fieldwork-grant/","No claro (check)","Elegibilidad por nacionalidad e institución explícitamente amplia; confirmar si la universidad chilena acepta administrar o respaldar el flujo de fondos cuando corresponda (check). (check) Semilla legacy sin verificación web actual. Región provisional; objetivo/alcance conservado sin separación inferida. Elegibilidad legacy Chile: Sí ; universidad: Sí","Doctoral","Investigación básica; Investigación aplicada; Interdisciplinaria","No claro (check)","No encontrado","call_96746b34818aca8db2ca"
"Dissertation Fieldwork Grant","Dissertation Fieldwork Grant","Wenner-Gren Foundation","No encontrado","América del Norte","No encontrado","Antropología; Arqueología; Ciencias Sociales; Humanidades; Interdisciplinario","Financia investigación de campo para tesis doctoral en antropología o campos relacionados, con contribución esperada al conocimiento antropológico.","No encontrado","Estudiantes doctorales matriculados/as en programa doctoral o equivalente, con requisitos cumplidos salvo tesis antes del inicio del proyecto.","No","Hasta US$25.000","USD","Trabajo de campo, viajes de investigación, recolección de datos, materiales y otros gastos directos justificados; no cubre overhead institucional.","Sin límite fijo; puede cubrir fases de investigación según diseño","No encontrado","Plazos recurrentes: 1 de mayo y 1 de noviembre","Anual","https://wennergren.org/program/dissertation-fieldwork-grant/ | https://wennergren.org/application-guide/dissertation-fieldwork-grant/","No claro (check)","Abierta a cualquier nacionalidad o localización institucional según fuentes oficiales/generales; verificar condiciones del portal en cada ciclo (check). (check) Semilla legacy sin verificación web actual. Región provisional; objetivo/alcance conservado sin separación inferida. Elegibilidad legacy Chile: Sí ; universidad: Sí","Doctoral","Investigación básica; Investigación aplicada; Interdisciplinaria","No claro (check)","No encontrado","call_0ac643bb97d023d96621"
"Post-PhD Research Grant","Post-PhD Research Grant","Wenner-Gren Foundation","No encontrado","América del Norte","No encontrado","Antropología; Arqueología; Ciencias Sociales; Humanidades; Interdisciplinario","Financia proyectos individuales de investigación de doctorados/as en antropología o campos relacionados.","No encontrado","Investigadores/as con doctorado en antropología o área relacionada; incluye investigadores independientes y senior.","No","Hasta US$25.000","USD","Costos directos de investigación, trabajo de campo, viajes, materiales, análisis y otros gastos justificados; no cubre overhead institucional.","No encontrado; duración flexible según proyecto (check)","No encontrado","Plazos recurrentes: 1 de mayo y 1 de noviembre (check)","Anual","https://wennergren.org/application-guide/post-phd-research-grant/ | https://wennergren.org/grants-fellowships/","No claro (check)","La página de guía confirma monto; condiciones completas de elegibilidad deben revisarse en portal actual (check). (check) Semilla legacy sin verificación web actual. Región provisional; objetivo/alcance conservado sin separación inferida. Elegibilidad legacy Chile: Sí ; universidad: Sí (check)","Postdoctoral; Carrera temprana; Consolidado","Investigación básica; Investigación aplicada; Interdisciplinaria","No claro (check)","No encontrado","call_ad1511151a97bc193298"
"Post-PhD Research Grant","Post-PhD Research Grant","Wenner-Gren Foundation","No encontrado","América del Norte","No encontrado","Antropología; Arqueología; Ciencias Sociales; Humanidades; Interdisciplinario","Financia proyectos individuales de investigación de doctorados/as en antropología o campos relacionados.","No encontrado","Investigadores/as con doctorado en antropología o área relacionada; incluye investigadores independientes y senior.","No","Hasta 25.000","USD","Trabajo de campo, asistentes, viajes de investigación y otros gastos justificados; no overhead institucional ni fees administrativos.","No hay límite general de duración indicado; puede cubrir fases distintas de investigación.","No encontrado","Plazos anuales: 1 de mayo y 1 de noviembre; próxima ventana verificable: 1 de noviembre de 2026 para proyectos que comiencen entre julio y diciembre del año siguiente.","Anual","https://wennergren.org/program/post-phd-research-grant/ | https://wennergren.org/application-guide/post-phd-research-grant/","No claro (check)","Elegibilidad por nacionalidad o adscripción institucional explícitamente amplia; no exige universidad, pero la adscripción chilena es compatible (check). (check) Semilla legacy sin verificación web actual. Región provisional; objetivo/alcance conservado sin separación inferida. Elegibilidad legacy Chile: Sí ; universidad: Sí","Postdoctoral; Carrera temprana; Consolidado","Investigación básica; Investigación aplicada; Interdisciplinaria","No claro (check)","No encontrado","call_b62de93354b0c2f96c6e"
"Engaged Research Grant","Engaged Research Grant","Wenner-Gren Foundation","No encontrado","América del Norte","No encontrado","Antropología; Arqueología; Ciencias Sociales; Interdisciplinario; Investigación comunitaria","Financia investigación antropológica comprometida, desarrollada en alianza con comunidades o actores con experiencia vivida en el contexto de investigación.","No encontrado","Equipos con doctorados/as o estudiantes doctorales en antropología o campos relacionados; incluye aliados comunitarios.","No claro (check)","Hasta US$25.000","USD","Gastos directos de investigación, colaboración comunitaria, trabajo de campo, producción y circulación de resultados; no cubre overhead institucional.","No encontrado; duración flexible según proyecto (check)","No encontrado","Plazo recurrente: 1 de agosto; proyectos desde el 1 de abril del año siguiente","Anual","https://wennergren.org/program/engaged-research-grant/ | https://wennergren.org/application-guide/engaged-research-grant/","No claro (check)","Se debe verificar que el proyecto no sea solo extensión o diseminación; debe tener componente claro de investigación antropológica (check). (check) Semilla legacy sin verificación web actual. Región provisional; objetivo/alcance conservado sin separación inferida. Elegibilidad legacy Chile: Sí ; universidad: Sí (check)","Doctoral; Postdoctoral; Carrera temprana; Consolidado","Investigación aplicada; Interdisciplinaria","No claro (check)","No encontrado","call_cd63b4475b43c9bcb1f2"
"Engaged Research Grant","Engaged Research Grant","Wenner-Gren Foundation","No encontrado","América del Norte","No encontrado","Antropología; Arqueología; Ciencias Sociales; Interdisciplinario; Investigación comunitaria","Financia investigación antropológica comprometida, desarrollada en alianza con comunidades o actores con experiencia vivida en el contexto de investigación.","No encontrado","Equipos con doctorados/as o estudiantes doctorales en antropología o campos relacionados; incluye aliados comunitarios.","No","Hasta 25.000","USD","Costos de investigación colaborativa, trabajo de campo, asistentes, comunicación académica y pública; no overhead institucional.","No hay límite general de duración indicado.","No encontrado","Deadline anual: 1 de agosto; proyectos pueden comenzar no antes del 1 de abril del año siguiente.","Anual","https://wennergren.org/program/engaged-research-grant/ | https://wennergren.org/application-guide/engaged-research-grant/","No claro (check)","Requiere evidencia de compromiso y apoyo comunitario; no puede combinarse el mismo año con Dissertation Fieldwork o Post-PhD Research Grant (check). (check) Semilla legacy sin verificación web actual. Región provisional; objetivo/alcance conservado sin separación inferida. Elegibilidad legacy Chile: Sí ; universidad: Sí","Doctoral; Postdoctoral; Carrera temprana; Consolidado","Investigación aplicada; Interdisciplinaria","No claro (check)","No encontrado","call_ded514a559033d9fb6d2"
"Global Initiatives Grant","Global Initiatives Grant","Wenner-Gren Foundation","No encontrado","América del Norte","No encontrado","Antropología; Ciencias Sociales; Humanidades; Interdisciplinario","Financia iniciativas globales que avancen conocimiento antropológico, impacto, inclusión y condiciones del campo según tema anual.","No encontrado","Organizador/a principal con doctorado en antropología o área relacionada; equipos de académicos/as; estudiantes pueden ser co-postulantes.","No","US$80.000","USD","Presupuesto detallado para actividades del proyecto; gastos directos, colaboración, producción pública y difusión; no cubre overhead institucional.","No encontrado","No encontrado","Convocatoria 2026: plazo 15 de mayo de 2026 (check)","Anual","https://wennergren.org/program/global-initiatives-grant/ | https://wennergren.org/application-guide/global-initiatives-grant/","No claro (check)","No todo proyecto de antropología pública equivale a investigación académica; incluir solo si la propuesta desarrolla producción de conocimiento verificable (check). (check) Semilla legacy sin verificación web actual. Región provisional; objetivo/alcance conservado sin separación inferida. Elegibilidad legacy Chile: Sí ; universidad: Sí (check)","Postdoctoral; Carrera temprana; Consolidado","Investigación aplicada; Interdisciplinaria","No claro (check)","No encontrado","call_42be3e33c77307f77dcf"
"Global Initiatives Grant","Global Initiatives Grant","Wenner-Gren Foundation","No encontrado","América del Norte","No encontrado","Antropología; Ciencias Sociales; Humanidades; Interdisciplinario","Financia iniciativas globales que avancen conocimiento antropológico, impacto, inclusión y condiciones del campo según tema anual.","No encontrado","Organizador/a principal con doctorado en antropología o área relacionada; equipos de académicos/as; estudiantes pueden ser co-postulantes.","No","Hasta 80.000","USD","Costos detallados de la iniciativa/proyecto; no overhead institucional.","No hay límite general de duración indicado.","No encontrado","Deadline anual: 15 de mayo; proyectos comienzan el 1 de enero del año siguiente.","Anual","https://wennergren.org/program/global-initiatives-grant/ | https://wennergren.org/application-guide/global-initiatives-grant/","No claro (check)","El instrumento puede financiar iniciativas más amplias que un proyecto de investigación tradicional; evaluar ajuste al tema anual antes de postular (check). (check) Semilla legacy sin verificación web actual. Región provisional; objetivo/alcance conservado sin separación inferida. Elegibilidad legacy Chile: Sí ; universidad: Sí","Postdoctoral; Carrera temprana; Consolidado","Investigación aplicada; Interdisciplinaria","No claro (check)","No encontrado","call_fb142264fbe5524d55fd"
"Research Grants","Research Grants","The Leakey Foundation","No encontrado","América del Norte","No encontrado","Arqueología; Antropología biológica; Paleoantropología; Primatología; Evolución humana; Ciencias Sociales relacionadas","Financia proyectos relevantes para orígenes humanos, evolución, comportamiento y supervivencia, incluyendo trabajo de campo y laboratorio.","No encontrado","Estudiantes doctorales avanzados/as a candidatura y personas con PhD; deben estar afiliados/as a una institución como universidad o museo.","No","Hasta 20.000 para candidatos/as doctorales; hasta 30.000 para postdoctorales y científicos/as senior","USD","Viajes, gastos de vida durante trabajo de campo, suministros, asistencia de investigación y otros gastos relevantes; no salarios de PI, matrícula, overhead, publicación ni equipamiento.","No encontrado","No encontrado","Próximo plazo verificable: 15 de julio de 2026.","Anual","https://leakeyfoundation.org/grant/research/","No claro (check)","El área elegible está limitada a orígenes humanos; investigadores/as de humanidades/ciencias sociales solo aplican si el proyecto calza con prioridades de la Fundación (check). (check) Semilla legacy sin verificación web actual. Región provisional; objetivo/alcance conservado sin separación inferida. Elegibilidad legacy Chile: Sí ; universidad: Sí","Doctoral; Postdoctoral; Carrera temprana; Consolidado","Investigación básica; Investigación aplicada","No claro (check)","No encontrado","call_b649a75a5e060beb5dd8"
"Research Grants","Research Grants","The Leakey Foundation","No encontrado","América del Norte","No encontrado","Arqueología; Antropología biológica; Paleoantropología; Primatología; Evolución humana; Ciencias Sociales relacionadas","Financia proyectos relevantes para orígenes humanos, evolución, comportamiento y supervivencia, incluyendo trabajo de campo y laboratorio.","No encontrado","Estudiantes doctorales avanzados/as a candidatura y personas con PhD; deben estar afiliados/as a una institución como universidad o museo.","No encontrado","No encontrado en página principal; fuentes secundarias históricas reportan montos variables (check)","No encontrado","Gastos directos de investigación, trabajo de campo, análisis, materiales y otros costos justificados en el presupuesto.","No encontrado","No encontrado","Plazos recurrentes: 10 de enero y 15 de julio (check)","Anual","https://leakeyfoundation.org/grant/research/ | https://leakeyfoundation.org/grants-scholarships/","No claro (check)","La institución no entrega fondos directamente a individuos y requiere afiliación institucional; monto específico debe verificarse en la convocatoria vigente (check). (check) Semilla legacy sin verificación web actual. Región provisional; objetivo/alcance conservado sin separación inferida. Elegibilidad legacy Chile: Sí ; universidad: Sí (check)","Doctoral; Postdoctoral; Carrera temprana; Consolidado","Investigación básica; Investigación aplicada","No claro (check)","No encontrado","call_44a5fa11f45752451a67"
"National Geographic Society Grants and Investments - Human Histories & Cultures focus area","Grants and Investments","National Geographic Society","No encontrado","América del Norte","No encontrado","Humanidades; Antropología; Arqueología; Patrimonio; Educación; Ciencias Sociales; Interdisciplinario","Apoya proyectos individuales alineados con foco Human Histories & Cultures: preservar conocimiento cultural y comprender historias, culturas, diversidad y evolución humana.","No encontrado","Personas mayores de 18 años con experiencia y conexión con el contexto local del proyecto; responsable individual debe redactar solicitud y figurar como project leader.","No encontrado","No encontrado","USD","Costos del proyecto según lineamientos de presupuesto; incluye actividades de investigación, conservación, educación, storytelling o tecnología según RFP.","No encontrado","No encontrado","Convocatorias actuales varían por RFP; página verificada el 6 de mayo de 2026 con oportunidades abiertas entre mayo y junio de 2026.","Irregular","https://www.nationalgeographic.org/society/grants-and-investments/","No claro (check)","No todas las RFP son investigación académica; registrar solo cuando la oportunidad específica financie investigación/patrimonio/conocimiento y permita liderazgo desde Chile (check). (check) Semilla legacy sin verificación web actual. Región provisional; objetivo/alcance conservado sin separación inferida. Elegibilidad legacy Chile: Sí ; universidad: No claro (check)","Todas las etapas","Investigación aplicada; Interdisciplinaria; No encontrado","No claro (check)","No encontrado","call_97246317969d698b1510"
"National Geographic Society - Preserving Traditional Arts","Grants and Investments","National Geographic Society; Lindblad Expeditions","No encontrado","América del Norte","No encontrado","Humanidades; Patrimonio cultural; Antropología; Artes tradicionales; Educación; Interdisciplinario","Convocatoria para proyectos que apoyen a artistas tradicionales, portadores de conocimiento y practicantes de patrimonio cultural para preservar patrimonio comunitario.","No encontrado","Personas mayores de 18 años; project leader con conexión fuerte con el contexto local y responsable de ejecutar el proyecto.","No encontrado","No encontrado","USD","Costos de proyecto según presupuesto de la convocatoria; preservación cultural, documentación, actividades con comunidades, materiales y difusión según RFP.","No encontrado","No encontrado","Submission deadline: 4 de junio de 2026, 11:59 PM EDT.","Puntual","https://www.nationalgeographic.org/society/grants-and-investments/","No claro (check)","Puede no ser investigación académica en sentido estricto; incluir solo si el proyecto contempla investigación, documentación o producción de conocimiento sobre patrimonio (check). (check) Semilla legacy sin verificación web actual. Región provisional; objetivo/alcance conservado sin separación inferida. Elegibilidad legacy Chile: Sí ; universidad: No claro (check)","Todas las etapas","Investigación aplicada; Interdisciplinaria","No claro (check)","No encontrado","call_d68c8b84a3fb9200079b"
"Research Grant Program","Research Grant Program","Internet Society Foundation","No encontrado","América del Norte","No encontrado","Ciencias Sociales; Educación; Comunicación; Políticas digitales; Tecnología y sociedad; Interdisciplinario","Financia investigación global sobre impactos sociales, ambientales y tecnológicos de Internet, incluyendo acceso inclusivo, sostenibilidad, conectividad significativa y confianza.","No encontrado","Investigadores/as individuales u organizaciones/instituciones de todo el mundo; se alienta postulación de grupos subrepresentados y Global Majority.","No encontrado","Hasta 200.000 para investigadores/as independientes; hasta 500.000 para organizaciones e instituciones","USD","Costos de investigación y colaboración vinculados al proyecto; detalles específicos en formulario y lineamientos de la convocatoria.","No encontrado","No encontrado","Aplicaciones: 7 de abril a 22 de mayo de 2026, 21:00 UTC.","Irregular","https://www.isocfoundation.org/grant-programme/research-grant-programme/ | https://www.isocfoundation.org/2026/04/applications-open-for-the-research-grant-program/","No claro (check)","Áreas disciplinares aplican si el proyecto aborda dimensiones sociales, educativas, regulatorias o culturales de Internet; revisar gastos permitidos en bases completas (check). (check) Semilla legacy sin verificación web actual. Región provisional; objetivo/alcance conservado sin separación inferida. Elegibilidad legacy Chile: Sí ; universidad: Sí","Todas las etapas","Investigación básica; Investigación aplicada; Interdisciplinaria","No claro (check)","No encontrado","call_bfb08c54b56205362f14"
"Learning from Abroad to Reimagine Health Knowledge Systems for Equity and Wellbeing","Global Ideas Fund / Charities Aid Foundation of America (CAF America), para postulantes internacionales seleccionados","Robert Wood Johnson Foundation","No encontrado","América del Norte","No encontrado","Ciencias Sociales; Psicología; Salud mental; Políticas públicas; Educación; Equidad; Interdisciplinario","Financia investigación y aprendizaje comparado internacional para reimaginar sistemas de conocimiento en salud orientados a equidad y bienestar, con foco en salud equity en EE. UU.","No encontrado","Organizaciones con PI/project director/lead; postulantes internacionales son elegibles, con premio recomendado vía Global Ideas Fund/CAF America.","No encontrado","No encontrado","USD","Costos de investigación, aprendizaje comparado, colaboración y diseminación según RFP.","No encontrado","No encontrado","Convocatoria activa 2026; fechas específicas deben confirmarse en portal ANR/RWJF.","Puntual","https://www.rwjf.org/en/grants/active-funding-opportunities/2026/learning-from-abroad-to-reimagine-health-knowledge-systems-for-equity-and-wellbeing.html","No claro (check)","Todos los proyectos deben enfocarse en mejorar la equidad en salud en EE. UU.; no financia proyectos exclusivamente fuera de EE. UU. (check). (check) Semilla legacy sin verificación web actual. Región provisional; objetivo/alcance conservado sin separación inferida. Elegibilidad legacy Chile: Sí ; universidad: Sí","Todas las etapas","Investigación aplicada; Interdisciplinaria","No claro (check)","No encontrado","call_d8eeed69304804ac583c"
"Researchers in the Global South Grants Program","Researchers in the Global South Grants Program","Society for the Psychological Study of Social Issues (SPSSI)","No encontrado","América del Norte","No encontrado","Psicología; Ciencias Sociales; Estudios de género; Racismo; Prejuicio; Problemas sociales; Interdisciplinario","Financia investigación científica sobre problemas sociales en el Sur Global y Majority World, especialmente proyectos reales y no piloto.","No encontrado","Miembros/as de SPSSI; preferencia para investigadores/as basados/as en el Sur Global que investiguen problemas sociales en el Sur Global.","No","Hasta 1.000 para investigación de estudiantes de postgrado; hasta 2.000 para investigadores/as con PhD; excepcionalmente puede exceder 2.000","USD","Actividades de investigación; no cubre costos indirectos institucionales.","No encontrado","No encontrado","Plazos anuales: 1 de octubre y 1 de mayo.","Bianual","https://www.spssi.org/index.cfm?fuseaction=page.viewPage&nodeID=1&pageID=2593","No claro (check)","Exige membresía SPSSI; no se identifica restricción de institución chilena, pero la universidad puede figurar como afiliación del investigador/a (check). (check) Semilla legacy sin verificación web actual. Región provisional; objetivo/alcance conservado sin separación inferida. Elegibilidad legacy Chile: Sí ; universidad: Sí","Doctoral; Postdoctoral; Carrera temprana; Consolidado","Investigación básica; Investigación aplicada","No claro (check)","No encontrado","call_8cc92144222439104860"
"Grants-in-Aid Program","Grants-in-Aid Program","Society for the Psychological Study of Social Issues (SPSSI)","No encontrado","América del Norte","No encontrado","Psicología; Ciencias Sociales; Problemas sociales; Estudios de género; Racismo; Prejuicio; Interdisciplinario","Apoya investigación científica en áreas de problemas sociales vinculadas a los objetivos de SPSSI y poco probables de recibir apoyo tradicional.","No encontrado","Miembros/as de SPSSI; estudiantes de postgrado y miembros/as con PhD.","No","Hasta 1.000 para investigación de estudiantes de postgrado; hasta 2.000 para investigadores/as con PhD; excepcionalmente puede exceder 2.000","USD","Actividades de investigación; documentación IRB o equivalente; no encontrado detalle completo de categorías de gasto.","No encontrado","No encontrado","Plazos anuales: 1 de octubre y 1 de mayo.","Bianual","https://www.spssi.org/grantsinaid | https://www.spssi.org/index.cfm?fuseaction=Page.ViewPage&pageId=1978","No claro (check)","Exige membresía SPSSI; la elegibilidad internacional no está explicitada en la página del programa, pero admite cualquier tipo de institución y no restringe país (check). (check) Semilla legacy sin verificación web actual. Región provisional; objetivo/alcance conservado sin separación inferida. Elegibilidad legacy Chile: Sí ; universidad: Sí","Doctoral; Postdoctoral; Carrera temprana; Consolidado","Investigación básica; Investigación aplicada","No claro (check)","No encontrado","call_ec5d4158f6845ee224d5"
"Franklin Research Grants","Franklin Research Grants","American Philosophical Society","No encontrado","América del Norte","No encontrado","Humanidades; Ciencias Sociales; Arqueología; Educación; Todas las áreas","Apoya costos de investigación conducente a publicación en todas las áreas del conocimiento, especialmente para investigadores/as con doctorado reciente.","No encontrado","Investigadores/as con doctorado o publicaciones de calidad doctoral; candidatos/as doctorales no son elegibles.","No","Hasta 6.500","USD","Viajes a bibliotecas y archivos, compra de microfilm/fotocopias o materiales equivalentes, trabajo de campo o gastos de laboratorio.","Trabajo financiado dentro del periodo febrero/abril de 2026 a enero de 2027, según ciclo.","No encontrado","Plazos: 1 de octubre de 2025 y 1 de diciembre de 2025 para trabajo entre febrero/abril de 2026 y enero de 2027.","Bianual","https://www.amphilsoc.org/grants/franklin-research-grants","No claro (check)","Foreign nationals not affiliated with a U.S. institution solo pueden usar el grant para investigación en EE. UU.; para Chile aplica bajo esa condición específica (check). (check) Semilla legacy sin verificación web actual. Región provisional; objetivo/alcance conservado sin separación inferida. Elegibilidad legacy Chile: Sí ; universidad: No claro (check)","Postdoctoral; Carrera temprana; Consolidado","Investigación básica; Investigación aplicada","No claro (check)","No encontrado","call_44b309ccd6964b700fa7"
"Visionary Grants","Visionary Grants","American Psychological Foundation (APF)","No encontrado","América del Norte","No encontrado","Psicología; Ciencias Sociales; Salud mental; Violencia; Prejuicio; Equidad racial; Interdisciplinario","Financia proyectos de investigación, educación o intervención que usan psicología para resolver problemas sociales prioritarios.","No encontrado","Estudiantes de postgrado o investigadores/as de carrera temprana hasta 10 años postdoctorado, afiliados/as a institución educativa/científica, organización sin fines de lucro o entidad gubernamental.","No encontrado","10 grants de hasta 20.000","USD","Proyecto, cronograma, presupuesto y justificación; gastos asociados a investigación, educación o intervención según propuesta.","No encontrado","No encontrado","Deadline 2026: 3 de abril de 2026; programa 2026 cerrado.","Anual","https://ampsychfdn.org/funding/visionary-grants/","No claro (check)","Postulantes internacionales pueden aplicar si cumplen requisitos y provienen de país con relaciones diplomáticas con EE. UU.; Chile cumple, pero debe verificarse documentación institucional requerida (check). (check) Semilla legacy sin verificación web actual. Región provisional; objetivo/alcance conservado sin separación inferida. Elegibilidad legacy Chile: Sí ; universidad: Sí","Doctoral; Carrera temprana","Investigación aplicada; Interdisciplinaria","No claro (check)","No encontrado","call_2c0700ce12de1f6d6e2a"
"Grand Challenges Canada - Stars in Global Health (past/recurrent stream)","Grand Challenges Canada - Stars in Global Health (past/recurrent stream)","Grand Challenges Canada","No encontrado","América del Norte","No encontrado","Salud global; Psicología; Salud mental; Educación; Ciencias Sociales; Interdisciplinario","Históricamente financia ideas audaces de etapa temprana para probar innovaciones en salud global, incluyendo dimensiones sociales, comunitarias y de bienestar.","No encontrado","Innovadores/as u organizaciones elegibles según RFP específico; versiones históricas han incluido organizaciones de Canadá o países de ingresos bajos y medios.","No claro (check)","Históricamente 100.000 CAD en fase inicial; versiones de escala pueden variar","CAD","Desarrollo, prueba de concepto, implementación, evaluación y escalamiento según RFP específica.","Hasta 18 meses en versiones históricas de fase inicial; no vigente para llamado actual","No encontrado","Estado verificado: el sitio indica que actualmente no hay oportunidades abiertas; versiones históricas han operado por rondas.","Irregular","https://www.grandchallenges.ca/apply-for-funding/ | https://www.grandchallenges.ca/portfolio/stars-in-global-health/","No claro (check)","No hay convocatoria abierta al 6 de mayo de 2026; Chile no siempre calza por listas de LMIC según RFP, por lo que requiere verificación en futuras bases (check). (check) Semilla legacy sin verificación web actual. Región provisional; objetivo/alcance conservado sin separación inferida. Elegibilidad legacy Chile: No claro (check) ; universidad: No claro (check)","Todas las etapas","I+D; Investigación aplicada; Interdisciplinaria","No claro (check)","No encontrado","call_e0f42c91809af85c222c"
"Council on Australia Latin America Relations (COALAR) Grants Program","International Relations Grants Program","Department of Foreign Affairs and Trade (DFAT), Australian Government / Council on Australia Latin America Relations (COALAR)","No encontrado","Oceanía","No encontrado","Ciencias Sociales y Humanidades; Educación; Estudios de género; Interdisciplinario; Cultura; Medioambiente; Pueblos originarios","Financia proyectos o actividades que fortalezcan vínculos entre Australia y América Latina. Incluye como área prioritaria Educación e Investigación, por lo que puede financiar colaboraciones académicas o institucionales de investigación de valor para ambas regiones.","No encontrado","Personas, organizaciones, universidades u otras entidades elegibles de Australia o de países latinoamericanos listados; Chile aparece explícitamente entre los países elegibles. Si se postula a nombre de una universidad, se requiere carta de apoyo de la oficina de investigación.","Sí","10.000 a 50.000","AUD","Actividades de proyecto alineadas con objetivos y prioridades COALAR; presupuesto del proyecto; colaboraciones, intercambio de conocimiento, actividades académicas/institucionales. Gastos específicos definidos en el acuerdo de subvención.","Máximo 12 meses / un año desde firma de contrato","No encontrado","2025-2026: EOI abierta 8 de agosto de 2025 y cierre 4 de septiembre de 2025; etapa 2 por invitación abierta 7 de octubre de 2025 y cierre 4 de noviembre de 2025","Anual","https://www.dfat.gov.au/people-to-people/foundations-councils-institutes/coalar/grants | https://www.dfat.gov.au/people-people/council-australia-latin-america-relations-coalar-grants-eligibility | https://www.grants.gov.au/Go/Show?GoUuid=c0aa3e91-6075-467c-9892-876e1aa67ad3","No claro (check)","(check) Aunque la prioridad incluye Educación e Investigación, el instrumento no es exclusivamente un grant académico de investigación; se recomienda verificar que el proyecto propuesto financie claramente actividades de investigación y no solo intercambio, difusión o vinculación. (check) Semilla legacy sin verificación web actual. Región provisional; objetivo/alcance conservado sin separación inferida. Elegibilidad legacy Chile: Sí ; universidad: Sí","Todas las etapas","Interdisciplinaria; Investigación aplicada; No claro (check)","No claro (check)","No encontrado","call_f36c6cc5475f99572920"
"Global Partnerships Funding Scheme","UQ Global Partnerships","The University of Queensland (UQ)","No encontrado","Oceanía","No encontrado","Todas las áreas; Interdisciplinario; Ciencias Sociales y Humanidades potencialmente elegibles (check)","Financia iniciativas de colaboración internacional impulsadas por UQ, incluyendo actividades de construcción de alianzas y colaboración académica con socios globales. Existe evidencia de proyectos y vínculos con Chile, pero la elegibilidad como solicitante principal parece institucionalmente centrada en UQ.","No encontrado","Académicos/as o unidades de UQ con socios internacionales; participación de universidades chilenas como socias es posible, pero no se verificó que una universidad chilena pueda postular como institución principal.","No encontrado","No encontrado; adjudicaciones 2024 totalizaron AUD 116.721 en ronda inaugural y AUD 217.174 en segunda ronda","AUD","Actividades de colaboración internacional, desarrollo de alianzas, iniciativas académicas y posiblemente investigación colaborativa; detalle de gastos no encontrado.","No encontrado","No encontrado","No encontrado; rondas verificables 2024 con adjudicaciones publicadas el 26 de agosto de 2024 y 27 de noviembre de 2024","Irregular / No claro (check)","https://global-partnerships.uq.edu.au/research/area/chile | https://global-partnerships.uq.edu.au/latin-america/chile","No claro (check)","(check) Incluido como caso límite por evidencia de colaboración UQ-Chile y financiamiento de iniciativas de investigación/alianzas; no se verificó que investigadores/as residentes en Chile puedan postular como PI o institución principal, por lo que requiere revisión antes de considerarlo elegible. (check) Semilla legacy sin verificación web actual. Región provisional; objetivo/alcance conservado sin separación inferida. Elegibilidad legacy Chile: No claro (check) ; universidad: No claro (check)","Todas las etapas","Interdisciplinaria; No claro (check)","No claro (check)","No encontrado","call_2d2fc7e81896912b3508"
"ISIF Asia Grants","Information Society Innovation Fund (ISIF Asia)","APNIC Foundation","No encontrado","Oceanía","No encontrado","Interdisciplinario; Desarrollo digital; Tecnología y sociedad; Educación / inclusión digital potencialmente elegible","Financia proyectos innovadores de desarrollo de Internet que aborden desafíos sociales y económicos en Asia-Pacífico, incluyendo investigación, diseño e implementación de soluciones digitales.","No encontrado","Organizaciones legalmente registradas en una economía de Asia-Pacífico dentro de la región de servicio de APNIC Foundation; individuos no son elegibles.","No encontrado","No encontrado","No encontrado","Investigación, diseño e implementación de soluciones basadas en Internet; fortalecimiento de infraestructura, capacidad técnica, innovación digital e impacto socioeconómico.","No encontrado","No encontrado","2025: aplicaciones abiertas el 18 de febrero de 2025 y cierre 4 de abril de 2025; 2026: convocatoria abierta para notas conceptuales según anuncios 2026","Anual / No claro (check)","https://apnic.foundation/grants/isif-asia/ | https://apnic.foundation/grants/isif-asia/isif-asia-faqs/ | https://blog.apnic.net/2025/02/18/2025-isif-asia-applications-now-open/","No claro (check)","(check) Caso límite: la institución financiadora está en Oceanía/Australia y financia proyectos de investigación aplicada con impacto social, pero exige registro en economías Asia-Pacífico de la región APNIC; no se verificó elegibilidad de Chile como solicitante principal. (check) Semilla legacy sin verificación web actual. Región provisional; objetivo/alcance conservado sin separación inferida. Elegibilidad legacy Chile: No claro (check) ; universidad: No claro (check)","No encontrado","Investigación aplicada; I+D; Interdisciplinaria","No claro (check)","No encontrado","call_aa8b03cdd9b89795c98d"
"AFIPS Pacific Social Sciences Academic Grants","Australia-France Indo-Pacific Studies Program 2024-2027","Academy of the Social Sciences in Australia (ASSA) / Australia-France Indo-Pacific Studies Program (AFIPS)","No encontrado","Oceanía","No encontrado","Ciencias Sociales; Interdisciplinario; Estudios del Pacífico; Medioambiente; Cambio climático; Recursos","Financia proyectos académicos de ciencias sociales orientados a fortalecer colaboraciones en torno a países insulares del Pacífico y territorios franceses de ultramar, con énfasis en investigación, trabajo de campo e intercambio académico.","No encontrado","Investigadores/as de carrera temprana y media afiliados/as a Australia, Francia, países Indo-Pacífico y territorios franceses de ultramar.","No encontrado","No encontrado","No encontrado","Investigación, trabajo de campo, intercambio de investigadores, talleres internacionales y actividades colaborativas; excluye pasajes en clase ejecutiva.","Hasta 24 meses","No encontrado","2025-2026: calendario verificable con notificación de resultados a comienzos de 2026 y actividades de investigación desde 2026","Irregular / No claro (check)","https://socialsciences.org.au/our-work/international/ | https://socialsciences.org.au/wp-content/uploads/2025/09/PSS-AFIPS-2025-26-Guidelines-.pdf | https://socialsciences.org.au/wp-content/uploads/2025/09/AFIPS_Pacific_Social_Science_Academic_Grants_Guidelines_2026.pdf","No claro (check)","(check) Caso límite: financia investigación en ciencias sociales, pero la elegibilidad geográfica se concentra en Australia, Francia, países Indo-Pacífico y territorios franceses; Chile no aparece explícitamente como país elegible. (check) Semilla legacy sin verificación web actual. Región provisional; objetivo/alcance conservado sin separación inferida. Elegibilidad legacy Chile: No claro (check) ; universidad: No claro (check)","Carrera temprana; Consolidado","Interdisciplinaria; Investigación aplicada","No claro (check)","No encontrado","call_db8fde64d0bc7427af37"
"AFIPS Indo-Pacific Strategic Environment Grants","Australia-France Indo-Pacific Studies Program 2024-2027","Academy of the Social Sciences in Australia (ASSA) / Australia-France Indo-Pacific Studies Program (AFIPS)","No encontrado","Oceanía","No encontrado","Ciencias Sociales; Estudios estratégicos; Relaciones internacionales; Seguridad; Medioambiente; Interdisciplinario","Financia colaboraciones de ciencias sociales sobre el entorno estratégico indo-pacífico, con investigación colaborativa entre investigadores de distintas áreas geográficas elegibles.","No encontrado","Investigadores/as de ciencias sociales que vivan y trabajen en Australia, Francia, una nación Indo-Pacífica o territorio francés de ultramar, y que colaboren con investigadores en otra localización elegible.","No encontrado","No encontrado","No encontrado","Actividades de investigación colaborativa; costos asociados a colaboración, reuniones, producción académica y actividades del proyecto según guidelines.","No encontrado","No encontrado","2025-2026: convocatoria verificable en guidelines 2026","Irregular / No claro (check)","https://socialsciences.org.au/wp-content/uploads/2026/01/IPSE-AFIPS-2025-26-Guidelines-.pdf | https://socialsciences.org.au/wp-content/uploads/2025/09/AFIPS-Strategic-Environment-Guidelines-2026.pdf | https://socialsciences.org.au/our-work/international/","No claro (check)","(check) Caso límite: instrumento de investigación en ciencias sociales ubicado en Oceanía, pero Chile no aparece explícitamente en la elegibilidad geográfica; revisar antes de considerarlo postulable desde Chile. (check) Semilla legacy sin verificación web actual. Región provisional; objetivo/alcance conservado sin separación inferida. Elegibilidad legacy Chile: No claro (check) ; universidad: No claro (check)","Carrera temprana; Consolidado; No encontrado","Interdisciplinaria; Investigación aplicada","No claro (check)","No encontrado","call_bef5cb65af40ab0defe3"
"Ernst & Rosemarie Keller Fund","Ernst & Rosemarie Keller Fund","Australian Academy of the Humanities","No encontrado","Oceanía","No encontrado","Humanidades; Historia; Literatura; Lengua; Política; Cultura alemana; Estudios de Australia y Asia-Pacífico","Financia actividades de investigación de académicos/as de humanidades australianos cuyo trabajo se relacione con historia, literatura, lengua, política o cultura alemana, o contribuciones alemanas a Australia o Asia-Pacífico.","No encontrado","Académicos/as australianos/as de humanidades; elegibilidad de investigadores/as en Chile no verificada.","No encontrado","Hasta 5.000","AUD","Actividades de investigación; acceso a archivos, materiales, viajes u otros gastos de investigación según bases.","No encontrado","No encontrado","Última versión verificable 2024; instrumento trienal","Bianual / Trienal (check)","https://humanities.org.au/grants-and-awards/ernst-rosemarie-keller-fund/ | https://humanities.org.au/wp-content/uploads/2024/03/Ernst-and-Rosemarie-Keller-Fund-Guidelines-2024.pdf","No claro (check)","(check) Caso límite: financiador en Oceanía y actividad de investigación en humanidades, pero orientado a académicos/as australianos/as; no se verificó elegibilidad chilena. (check) Semilla legacy sin verificación web actual. Región provisional; objetivo/alcance conservado sin separación inferida. Elegibilidad legacy Chile: No claro (check) ; universidad: No claro (check)","No encontrado","Investigación básica; Interdisciplinaria","No claro (check)","No encontrado","call_a3e980e6799d3ac94e44"
"Research Grant Program: Interlinkages and Innovation for Future Societies","Research Grant Program: Interlinkages and Innovation for Future Societies","The Toyota Foundation","No encontrado","Asia","No encontrado","Ciencias Sociales, Humanidades, Interdisciplinario","Financia proyectos de investigación interdisciplinarios orientados a problemas sociales y al rediseño de sistemas sociales desde la perspectiva de interrelaciones entre personas, sociedad, naturaleza y tecnología.","No encontrado","Equipos de investigación de dos o más personas; representante de proyecto de 45 años o menos al inicio de la subvención y con dirección de contacto en Japón.","No encontrado","Hasta aprox. 8.000.000 por proyecto; presupuesto total 60.000.000","JPY","Gastos necesarios para ejecutar el proyecto de investigación, según presupuesto específico; no encontrado detalle completo de partidas en HTML.","2 años; 1 de noviembre de 2026 a 31 de octubre de 2028","No encontrado","Apertura 1 de abril de 2026; cierre 5 de junio de 2026, 15:00 JST","Anual","https://www.toyotafound.or.jp/english/grant/research/ | https://www.toyotafound.or.jp/english/grant/research/data/2026_Research_Proposal_Guideline_EG.pdf","No claro (check)","El programa no restringe nacionalidad/afiliación según guía PDF, pero exige dirección de contacto en Japón para el representante; elegibilidad para investigador residente en Chile requiere verificación operativa (check). (check) Semilla legacy sin verificación web actual. Región provisional; objetivo/alcance conservado sin separación inferida. Elegibilidad legacy Chile: Sí (check) ; universidad: Sí (check)","Carrera temprana; Todas las etapas (check)","Investigación básica; Investigación aplicada; Interdisciplinaria","No claro (check)","No encontrado","call_338e69a55e9f98036e81"
"Grant Program","Grant Program","Toshiba International Foundation","No encontrado","Asia","No encontrado","Humanidades, Ciencias Sociales, Estudios japoneses, Interdisciplinario","Apoya proyectos que promuevan el entendimiento internacional de Japón, incluyendo investigación y estudios, seminarios, programas culturales y formación de expertos.","No encontrado","Organizaciones sin fines de lucro con cuenta bancaria institucional; no acepta solicitudes para investigación personal o estudios personales fuera del país.","No encontrado","No encontrado","No encontrado","Costos directamente indicados en el presupuesto de la solicitud para ejecutar el proyecto; la subvención solo puede usarse para el propósito aprobado.","Debe completarse dentro de un año fiscal; iniciativas multianuales de hasta 3 años deben postular anualmente","No encontrado","Apertura 1 de octubre de 2025; cierre 30 de noviembre de 2025","Anual","https://www.toshibafoundation.com/apply/grantsapplication.html","No claro (check)","No se identifica restricción geográfica contra Chile; una universidad chilena podría ser organización sin fines de lucro, pero debe confirmarse aceptación administrativa (check). (check) Semilla legacy sin verificación web actual. Región provisional; objetivo/alcance conservado sin separación inferida. Elegibilidad legacy Chile: Sí (check) ; universidad: Sí (check)","Todas las etapas","Investigación aplicada; Interdisciplinaria","No claro (check)","No encontrado","call_972591970a919eb69b65"
"Grant Program for Japanese Studies Projects","Japanese Studies Overseas and Global Partnerships [Dialogue]","The Japan Foundation","No encontrado","Asia","No encontrado","Humanidades, Ciencias Sociales, Estudios japoneses","Entrega subvenciones a organizaciones extranjeras para implementar proyectos de estudios japoneses, incluyendo actividades de investigación y desarrollo académico sobre Japón.","No encontrado","Organizaciones extranjeras; universidades, institutos de investigación u organizaciones sin fines de lucro que desarrollen estudios japoneses.","No encontrado","No encontrado","No encontrado","Gastos relacionados con investigación y conferencias sobre Japón; no encontrado desglose completo en fuente HTML.","No encontrado","No encontrado","Apertura 2 de septiembre de 2025; cierre 2 de diciembre de 2025, 13:00 JST","Anual","https://www.jpf.go.jp/e/program/intel.html | https://investigacion.uc.cl/concursos/programas-japan-foundation/","No claro (check)","Fuente oficial japonesa indica elegibilidad overseas; fuente institucional chilena UC informa la convocatoria para Chile y beneficios generales. (check) Semilla legacy sin verificación web actual. Región provisional; objetivo/alcance conservado sin separación inferida. Elegibilidad legacy Chile: Sí ; universidad: Sí","Todas las etapas","Investigación básica; Investigación aplicada; Interdisciplinaria","No claro (check)","No encontrado","call_d23bf39fe3ade494076e"
"Support for Policy-Oriented Research Program (Non-U.S.)","Support for Policy-Oriented Research Program (Non-U.S.)","Korea Foundation","No encontrado","Asia","No encontrado","Ciencias Sociales, Estudios coreanos, Relaciones internacionales, Políticas públicas","Financia proyectos de investigación orientados a políticas públicas sobre temas políticos, sociales y económicos relacionados con Corea y su impacto internacional.","No encontrado","Instituciones de investigación, think tanks o instituciones universitarias afiliadas fuera de Estados Unidos; postulación institucional con director/a de proyecto.","No encontrado","No encontrado; presupuesto en USD debe ser presentado por la institución","USD","Presupuesto del proyecto en USD; resultados de proyecto, publicaciones, informes y productos de difusión.","Un año; planes multianuales deben postular anualmente, salvo casos específicos de Korea Chair/Fellow","No encontrado","Apertura 1 de julio de 2024; cierre 2 de septiembre de 2024, 18:00 KST","Anual","https://apply.kf.or.kr/selectNoticeAndApplicationView.nkf?anucNo=A1G0000938&lang=en_US&notiSeq=&pageIndex=1","No claro (check)","La página 2024 es para Non-U.S.; no menciona explícitamente Chile, pero al estar fuera de EE. UU. parece potencialmente elegible si la universidad chilena cumple condiciones (check). (check) Semilla legacy sin verificación web actual. Región provisional; objetivo/alcance conservado sin separación inferida. Elegibilidad legacy Chile: Sí (check) ; universidad: Sí","Todas las etapas","Investigación aplicada; Interdisciplinaria","No claro (check)","No encontrado","call_b7a0b89fed30eabced8b"
"Korean Studies Grant Program - Academic Research: Individual / Joint Research","Center for International Affairs / Korean Studies Grant Program","Academy of Korean Studies","No encontrado","Asia","No encontrado","Humanidades, Ciencias Sociales, Estudios coreanos","Entrega apoyo académico a investigadores/as de estudios coreanos afiliados/as a universidades o centros de investigación fuera de Corea; la línea Academic Research financia investigación individual o conjunta.","No encontrado","Investigadores/as afiliados/as a instituciones educacionales o de investigación fuera de Corea.","No encontrado","Presupuesto anual total aprox. KRW 15.000.000; solicitud libre según escala del proyecto; sin límite separado","KRW","Gastos académicos vinculados a investigación individual o conjunta; presupuesto libre según escala del proyecto.","No encontrado","No encontrado","Guías se anuncian en agosto; evaluación y selección hasta diciembre","Anual","https://www.aks.ac.kr/ikorea/com/cmm/EgovContentView.do?lang=eng&menuNo=2010110000","No claro (check)","La fuente presenta cinco categorías; se registra solo la categoría de investigación académica, excluyendo conferencias/publicaciones como instrumentos independientes. (check) Semilla legacy sin verificación web actual. Región provisional; objetivo/alcance conservado sin separación inferida. Elegibilidad legacy Chile: Sí ; universidad: Sí","Todas las etapas","Investigación básica; Investigación aplicada; Interdisciplinaria","No claro (check)","No encontrado","call_7383bde30981fd8f947f"
"Research Grants","Research Grants","Chiang Ching-kuo Foundation for International Scholarly Exchange","No encontrado","Asia","No encontrado","Humanidades, Ciencias Sociales, Estudios chinos / Sinología","Financia proyectos de investigación sobre estudios chinos en humanidades y ciencias sociales desarrollados por académicos/as afiliados/as a instituciones académicas.","No encontrado","Académicos/as de tiempo completo; postulaciones organizadas por región; América Latina parece canalizarse por los programas para la American Region o Developing Region (check).","No encontrado","No encontrado","No encontrado","Gastos de investigación vinculados a proyectos de estudios chinos; no encontrado desglose completo.","No encontrado","No encontrado","No encontrado","Anual","https://www.cckf.org.tw/en/programs | https://www.cckf.org.tw/en/news/2024052002","No claro (check)","La página general indica que full-time faculty may apply for research grants; la elegibilidad específica para universidades chilenas debe confirmarse por comité/región (check). (check) Semilla legacy sin verificación web actual. Región provisional; objetivo/alcance conservado sin separación inferida. Elegibilidad legacy Chile: Sí (check) ; universidad: Sí (check)","Consolidado; Todas las etapas (check)","Investigación básica; Interdisciplinaria","No claro (check)","No encontrado","call_979f48913a149d8e0715"
"Database Grants","Database Grants","Chiang Ching-kuo Foundation for International Scholarly Exchange","No encontrado","Asia","No encontrado","Humanidades, Ciencias Sociales, Estudios chinos / Sinología, Infraestructura de datos académicos","Financia la creación o fortalecimiento de bases de datos académicas para investigación en estudios chinos en humanidades y ciencias sociales.","No encontrado","Académicos/as o instituciones que desarrollen recursos de investigación en estudios chinos; requisitos exactos no encontrados.","No encontrado","No encontrado","No encontrado","Desarrollo de bases de datos y recursos académicos para investigación; no encontrado detalle de partidas.","No encontrado","No encontrado","No encontrado","Anual","https://www.cckf.org.tw/en/programs | https://www.cckf.org.tw/en/programs/european/database","No claro (check)","La fuente oficial sobre Database Grants indica apoyo a investigación en Chinese Studies; se requiere verificar si Chile debe postular por región American o Developing (check). (check) Semilla legacy sin verificación web actual. Región provisional; objetivo/alcance conservado sin separación inferida. Elegibilidad legacy Chile: Sí (check) ; universidad: Sí (check)","Todas las etapas (check)","Investigación básica; Infraestructura de investigación; Interdisciplinaria","No claro (check)","No encontrado","call_d155f83c20427ca4672f"
"Idea Submission - Peacebuilding Program","Idea Submission - Peacebuilding Program","Sasakawa Peace Foundation","No encontrado","Asia","No encontrado","Ciencias Sociales, Estudios de paz y conflicto, Género, Derechos humanos, Relaciones internacionales","Permite presentar ideas de colaboración que pueden derivar en proyectos financiados por la Fundación en áreas como peacebuilding, de-radicalization y Women, Peace and Security.","No encontrado","Fundaciones, organizaciones sin fines de lucro, instituciones educativas incluidas universidades y organizaciones con actividades sin fines de lucro.","No encontrado","No encontrado","No encontrado","Proyectos aplicados en prioridades programáticas; se excluye investigación puramente teórica, becas, equipamiento, gastos operativos institucionales, actividades comerciales y bienes de capital.","No encontrado","No encontrado","Permanente; temática elegible actualizada abril de 2025","Permanente","https://www.spf.org/en/about/idea_submission/","No claro (check)","No es una convocatoria competitiva estándar sino un mecanismo de presentación de ideas; aceptación muy baja y puede derivar o no en grant project (check). (check) Semilla legacy sin verificación web actual. Región provisional; objetivo/alcance conservado sin separación inferida. Elegibilidad legacy Chile: Sí ; universidad: Sí","Todas las etapas","Investigación aplicada; Interdisciplinaria","No claro (check)","No encontrado","call_159fee6adb6379b090b7"
"Japanese Award for Outstanding Research on Development (ORD)","Global Development Awards Competition (GDAC)","Global Development Network (GDN), con apoyo del Gobierno de Japón","No encontrado","Organismos sin adscripción exclusiva a un continente","No encontrado","Ciencias Sociales; Desarrollo; Interdisciplinario","Financia propuestas de investigación sobre desarrollo con implicancias de política pública. La edición 2026 se orienta a cómo las ciencias sociales interactúan con ciencia, tecnología e innovación en el Sur Global y la seguridad humana.","No encontrado","Investigadores/as o equipos de investigación, especialmente de países de ingresos bajos y medios; investigadores de ciencias sociales vinculados a temas de desarrollo.","No encontrado","Hasta US$60.000 en total para tres proyectos ganadores; montos por proyecto no completamente claros en la página 2026 (check)","USD","Costos de investigación asociados al proyecto; mentoría y apoyo técnico/comunicacional según edición.","No encontrado","No encontrado","Convocatoria 2026 publicada; plazo mencionado en fuentes secundarias: 17 de junio de 2026 (check)","Anual","https://www.gdn.int/gdac/2026 | https://www.gdn.int/gdac/2025/ord","No claro (check)","Elegibilidad para Chile no está explícita; versiones recientes se orientan a LMIC/Global South, por lo que Chile requiere verificación según clasificación usada por GDN (check). (check) Semilla legacy sin verificación web actual. Región provisional; objetivo/alcance conservado sin separación inferida. Elegibilidad legacy Chile: No claro (check) [Actualización: No] ; universidad: No claro (check) [Actualización: No]","Carrera temprana; Todas las etapas (check)","Investigación aplicada; Interdisciplinaria","No claro (check)","No encontrado","call_396194a576ad6f4f5995"
"Strategic Impact Evaluation Fund (SIEF) – Call for Proposals 7","Strategic Impact Evaluation Fund (SIEF)","Banco Mundial","No encontrado","Organismos sin adscripción exclusiva a un continente","No encontrado","Educación; Desarrollo; Salud pública; Ciencias Sociales; Evaluación de impacto","Financia evaluaciones de impacto en países de ingresos bajos y medios en áreas como desarrollo infantil temprano, nutrición, educación básica, sistemas de salud, agua y saneamiento.","No encontrado","Equipos de investigadores/as, implementadores/as y socios de evaluación de impacto; programas implementados por gobiernos, ONG o investigadores.","No claro (check)","No encontrado","No encontrado","Costos de evaluación, recolección y análisis de datos, implementación vinculada al diseño evaluativo y gestión de investigación (check).","No encontrado","No encontrado","Última convocatoria verificable: Call 7, documento fechado 23 de diciembre de 2024 (check)","Irregular","https://thedocs.worldbank.org/en/doc/1914f7056e88626e28a292128b01bb82-0090052024/original/SIEF-Call7-CallForProposals-122224.pdf","No claro (check)","Chile no es necesariamente país de ejecución elegible si la convocatoria exige LMIC; podría participar un/a investigador/a chileno/a solo si el proyecto se ejecuta en un país elegible o en alianza permitida (check). (check) Semilla legacy sin verificación web actual. Región provisional; objetivo/alcance conservado sin separación inferida. Elegibilidad legacy Chile: No claro (check) ; universidad: No claro (check)","Todas las etapas","Investigación aplicada; Evaluación de impacto; I+D (check)","No claro (check)","No encontrado","call_f0b336b75149a06c8579"
"Impact Grants for Regional Priorities","TDR Grants and other funding activities","TDR – Special Programme for Research and Training in Tropical Diseases (UNICEF/UNDP/World Bank/WHO)","No encontrado","Organismos sin adscripción exclusiva a un continente","No encontrado","Salud pública; Ciencias Sociales aplicadas; Implementación de políticas; Interdisciplinario","Financia investigación de implementación sobre enfermedades infecciosas de la pobreza, con foco en mejora de salud poblacional y fortalecimiento de capacidades de investigación en países de ingresos bajos y medios.","No encontrado","Investigadores/as y equipos de instituciones ubicadas en países/regiones elegibles según cada llamado regional.","No claro (check)","Varía por convocatoria; ejemplo WPRO/TDR citado por fuentes secundarias: hasta US$15.000 (check)","USD","Investigación de implementación, análisis de datos, actividades de campo, coordinación con socios nacionales e internacionales.","Varía por convocatoria; ejemplo regional: hasta 12 meses (check)","No encontrado","Convocatorias regionales variables; página general vigente consultada en 2026","Irregular","https://tdr.who.int/grants | https://tdr.who.int/home/our-work/global-engagement/tdr-small-research-grants-scheme","No claro (check)","Elegibilidad depende de cada región OMS y de estatus LMIC; Chile debe verificarse caso a caso y podría no ser elegible en algunos llamados (check). (check) Semilla legacy sin verificación web actual. Región provisional; objetivo/alcance conservado sin separación inferida. Elegibilidad legacy Chile: No claro (check) ; universidad: No claro (check)","Todas las etapas","Investigación aplicada; Interdisciplinaria; Investigación de implementación","No claro (check)","No encontrado","call_c8d63ecfbe3bf24444bb"
"Silk Roads Youth Research Grant","UNESCO Silk Roads Programme","UNESCO","No encontrado","Organismos sin adscripción exclusiva a un continente","No encontrado","Humanidades; Historia; Patrimonio; Cultura; Arqueología; Interdisciplinario","Apoya investigaciones de jóvenes investigadores/as sobre el patrimonio compartido, intercambios culturales y temas asociados a las Rutas de la Seda.","No encontrado","Investigadores/as de postgrado de 35 años o menos; proyectos individuales o colaborativos.","No","US$10.000 por proyecto en convocatoria 2022","USD","Gastos asociados al desarrollo de la investigación y producción de resultados sobre el tema de la convocatoria.","No encontrado","No encontrado","Últimas convocatorias verificables: 2022 y 2023; página del programa vigente (check)","No claro (check)","https://www.unesco.org/en/silkroads/youth-grant | https://www.unesco.org/en/articles/unesco-calls-proposals-2022-silk-roads-youth-research-grant","No claro (check)","No se encontró convocatoria 2026 abierta; elegibilidad geográfica no aparece restringida en la página general, pero debe confirmarse en cada edición (check). (check) Semilla legacy sin verificación web actual. Región provisional; objetivo/alcance conservado sin separación inferida. Elegibilidad legacy Chile: Sí (check) ; universidad: No claro (check)","Doctoral; Carrera temprana","Investigación básica; Interdisciplinaria","No claro (check)","No encontrado","call_fe6e9d82819da178767c"
"Global Youth Grant Scheme – categoría de investigación","UNESCO Global Youth Grant Scheme (GYGS)","UNESCO y socios relevantes según convocatoria","No encontrado","Organismos sin adscripción exclusiva a un continente","No encontrado","Educación; Cultura; Comunicación; Ciencias Sociales; Juventud; Interdisciplinario","Esquema global que apoya iniciativas juveniles, incluyendo investigaciones lideradas por jóvenes con recomendaciones de política para el desarrollo juvenil.","No encontrado","Jóvenes, organizaciones lideradas por jóvenes o investigadores/as jóvenes según cada llamado específico.","No encontrado","No encontrado; techos definidos por cada llamado","No encontrado","Investigación, mentoría, fortalecimiento de capacidades y ejecución de iniciativas de impacto social juvenil.","No encontrado","No encontrado","Página general vigente; llamadas específicas se publican por iniciativa o alianza","Irregular","https://www.unesco.org/en/youth/global-grant-scheme","No claro (check)","El esquema no está dirigido específicamente a académicos/as universitarios; incluir solo si el llamado específico permite investigación liderada por jóvenes vinculados a universidad chilena (check). (check) Semilla legacy sin verificación web actual. Región provisional; objetivo/alcance conservado sin separación inferida. Elegibilidad legacy Chile: Sí (check) ; universidad: No claro (check)","Doctoral; Carrera temprana (check)","Investigación aplicada; Interdisciplinaria","No claro (check)","No encontrado","call_f7f5bc7658160e11f02b"
"Call for Collaborative Research Projects","IASSW International Projects","International Association of Schools of Social Work (IASSW) y European Association of Schools of Social Work (EASSW)","No encontrado","Organismos sin adscripción exclusiva a un continente","No encontrado","Trabajo Social; Educación en Trabajo Social; Política social; Ciencias Sociales","Financia proyectos colaborativos de investigación que fortalezcan el impacto global de la investigación en educación, práctica y política de trabajo social.","No encontrado","Equipos colaborativos de investigación en trabajo social; escuelas o académicos/as vinculados al campo.","No encontrado","€6.000 por proyecto según difusión EASSW/IASSW (check)","EUR","Costos de investigación, diseminación, reuniones y talleres vinculados al proyecto (check).","Ciclo 2025-2026; duración exacta no encontrada","No encontrado","Convocatoria 2025-2026: plazo 20 de noviembre de 2025; inicio de proyecto febrero de 2026","Irregular","https://www.iassw-aiets.org/iassw-international-projects/ | https://www.iassw-aiets.org/2025/10/28/call-for-collaborative-research-projects/","No claro (check)","Monto y condiciones detalladas no aparecen completamente en la página principal; verificar bases completas de cada ciclo (check). (check) Semilla legacy sin verificación web actual. Región provisional; objetivo/alcance conservado sin separación inferida. Elegibilidad legacy Chile: Sí (check) ; universidad: Sí (check)","Todas las etapas","Investigación aplicada; Interdisciplinaria","No claro (check)","No encontrado","call_311f9bdffe98fdc8b8e2"
"National Geographic Society Grants – Level I","Grants and Investments","National Geographic Society","No encontrado","Organismos sin adscripción exclusiva a un continente","No encontrado","Arqueología; Antropología; Educación; Patrimonio; Cultura; Medioambiente y sociedad; Interdisciplinario","Financia proyectos de exploración, ciencia, educación, conservación, tecnología y narración que iluminen y protejan el mundo, incluyendo historias y culturas humanas.","No encontrado","Personas mayores de 18 años que lideren proyectos; Level I orientado a nuevos/as exploradores/as o personas nuevas en la red NGS.","No encontrado","Hasta US$20.000 según guías 2025 y difusión de universidades chilenas (check)","USD","Trabajo de campo, investigación, educación, conservación, comunicación, tecnología, materiales y otros costos directos aprobados.","Hasta 1-2 años según guías 2025 (check)","No encontrado","Convocatorias 2026 con plazos variables; página oficial indica oportunidades con cierres en mayo-junio de 2026","Irregular","https://www.nationalgeographic.org/society/grants-and-investments/ | https://infofin.ulb.be/download?file=uploads%2Fdocs%2FxCr85srzdK%2FFunding-Opportunities-Overview-2025.pdf&name=Funding-Opportunities-Overview-2025.pdf","No claro (check)","Instrumento global pero con requisitos específicos por oportunidad; no todas las oportunidades son pertinentes para ciencias sociales/humanidades (check). (check) Semilla legacy sin verificación web actual. Región provisional; objetivo/alcance conservado sin separación inferida. Elegibilidad legacy Chile: Sí ; universidad: Sí (check)","Carrera temprana; Todas las etapas (check)","Investigación aplicada; Interdisciplinaria; Investigación de campo","No claro (check)","No encontrado","call_3ae32cc90e3ac648a5ee"
"National Geographic Society Grants – Level II","Grants and Investments","National Geographic Society","No encontrado","Organismos sin adscripción exclusiva a un continente","No encontrado","Arqueología; Antropología; Educación; Patrimonio; Cultura; Medioambiente y sociedad; Interdisciplinario","Financia proyectos de mayor escala o liderados por personas con trayectoria/experiencia previa, alineados con áreas de foco de National Geographic Society.","No encontrado","Investigadores/as, educadores/as, narradores/as o profesionales establecidos; también National Geographic Explorers previos.","No encontrado","Hasta US$100.000 según guías 2025 y difusión de universidades chilenas (check)","USD","Trabajo de campo, investigación, educación, conservación, comunicación, tecnología, materiales y otros costos directos aprobados.","Hasta 1-2 años según guías 2025 (check)","No encontrado","Convocatorias 2026 con plazos variables; página oficial indica oportunidades con cierres en mayo-junio de 2026","Irregular","https://www.nationalgeographic.org/society/grants-and-investments/ | https://infofin.ulb.be/download?file=uploads%2Fdocs%2FxCr85srzdK%2FFunding-Opportunities-Overview-2025.pdf&name=Funding-Opportunities-Overview-2025.pdf","No claro (check)","Instrumento global pero no exclusivamente académico; revisar oportunidad concreta para asegurar pertinencia disciplinar y gastos elegibles (check). (check) Semilla legacy sin verificación web actual. Región provisional; objetivo/alcance conservado sin separación inferida. Elegibilidad legacy Chile: Sí ; universidad: Sí (check)","Consolidado; Todas las etapas (check)","Investigación aplicada; Interdisciplinaria; Investigación de campo","No claro (check)","No encontrado","call_ee73fac6ae3159c1fc91"
"Small Research Grants on Education","Research Grants on Education","Spencer Foundation","No encontrado","Organismos sin adscripción exclusiva a un continente","No encontrado","Educación; Ciencias Sociales; Psicología educacional; Interdisciplinario","Apoya proyectos de investigación educativa rigurosos e intelectualmente ambiciosos, concebidos ampliamente, con presupuestos pequeños.","No encontrado","Investigadores/as y equipos vinculados a una organización administradora; no entrega fondos directamente a individuos.","No","Hasta US$50.000","USD","Costos directos de investigación; asistentes, consultores, trabajo de campo, datos, software, viajes de investigación; no permite costos indirectos en small grants.","1 a 5 años","No encontrado","Acepta postulaciones dos veces al año; convocatoria 2025 con cierre institucional reportado en Chile el 10 de diciembre de 2025 y cierre Spencer el 15 de diciembre de 2025 (check)","Bianual","https://www.spencer.org/grant_types/small-research-grant | https://www.spencer.org/resources/Applicant-Information-and-Policies","No claro (check)","Aunque la fundación está basada en EE. UU., acepta postulaciones internacionales y organizaciones fuera de EE. UU.; requiere equivalencia sin fines de lucro si se adjudica (check). (check) Semilla legacy sin verificación web actual. Región provisional; objetivo/alcance conservado sin separación inferida. Elegibilidad legacy Chile: Sí ; universidad: Sí","Todas las etapas","Investigación básica; Investigación aplicada; Interdisciplinaria","No claro (check)","No encontrado","call_6d6e6aad004b6fbdad3c"
"Large Research Grants on Education","Research Grants on Education","Spencer Foundation","No encontrado","Organismos sin adscripción exclusiva a un continente","No encontrado","Educación; Ciencias Sociales; Psicología educacional; Interdisciplinario","Apoya proyectos de investigación educativa de mayor escala que contribuyan al mejoramiento de la educación, concebida ampliamente.","No encontrado","Investigadores/as y equipos con organización administradora; no entrega fondos directamente a individuos.","No","US$125.000 a US$500.000, incluyendo hasta 15% de costos indirectos","USD","Costos directos de investigación, personal, recolección y análisis de datos, viajes de investigación, coordinación y hasta 15% de costos indirectos.","1 a 5 años","No encontrado","Acepta postulaciones una vez al año; página vigente consultada en 2026","Anual","https://www.spencer.org/grant_types/large-research-grant | https://www.spencer.org/resources/Applicant-Information-and-Policies","No claro (check)","Aunque la fundación está basada en EE. UU., acepta postulaciones internacionales y organizaciones fuera de EE. UU.; requiere equivalencia sin fines de lucro si se adjudica (check). (check) Semilla legacy sin verificación web actual. Región provisional; objetivo/alcance conservado sin separación inferida. Elegibilidad legacy Chile: Sí ; universidad: Sí","Todas las etapas","Investigación básica; Investigación aplicada; Interdisciplinaria","No claro (check)","No encontrado","call_b4b40059e535ebf02ce7"
"Small Grants Program for Early Career Scholars","SRCD Awards & Grants","Society for Research in Child Development (SRCD)","No encontrado","Organismos sin adscripción exclusiva a un continente","No encontrado","Psicología; Educación; Desarrollo infantil; Ciencias Sociales; Interdisciplinario","Apoya proyectos específicos de investigación en desarrollo infantil realizados por miembros SRCD en etapa temprana de carrera.","No encontrado","Miembros SRCD de carrera temprana que hayan completado o estén por completar el doctorado dentro del rango definido por la convocatoria.","No","Hasta US$7.500","USD","Gastos de investigación; asistentes y consultores; no PI salary; no entrenamiento, visita o planificación de colaboración.","No encontrado","No encontrado","Convocatoria 2026: aviso publicado 10 de octubre de 2025; plazo 19 de enero de 2026","Anual","https://www.srcd.org/news/call-submissions-2026-small-grants-program-early-career-scholars | https://www.srcd.org/professional-advancement/awards-grants/small-grants-program-early-career-scholars/FAQs","No claro (check)","Requiere membresía SRCD; la convocatoria alienta postulaciones de instituciones internacionales y países subrepresentados, pero se debe verificar membresía y condiciones de residencia (check). (check) Semilla legacy sin verificación web actual. Región provisional; objetivo/alcance conservado sin separación inferida. Elegibilidad legacy Chile: Sí ; universidad: Sí (check)","Carrera temprana; Postdoctoral","Investigación básica; Investigación aplicada; Interdisciplinaria","No claro (check)","No encontrado","call_7a3004ac155b2a83ea1a"
"Online Funding Inquiry / Research Grants","Templeton Grants","John Templeton Foundation","No encontrado","Organismos sin adscripción exclusiva a un continente","No encontrado","Psicología; Filosofía; Ciencias Sociales; Humanidades; Religión; Interdisciplinario","Financia proyectos de investigación y participación pública en áreas como carácter, virtud, libertad, mercados, ciencia y religión, y otras preguntas interdisciplinarias.","No encontrado","Investigadores/as, equipos u organizaciones que presenten consulta inicial y eventualmente propuesta completa invitada.","No encontrado","No encontrado; depende de la propuesta","No encontrado","Costos del proyecto de investigación, personal, actividades, publicación/diseminación y otros costos aprobados según propuesta.","No encontrado","No encontrado","Calendario de revisión por ciclos; página vigente consultada en 2026","Irregular","https://www.templeton.org/grants/apply-for-grant | https://www.templeton.org/","No claro (check)","La elegibilidad internacional no aparece resumida de forma suficiente en la página consultada; debe verificarse en FAQ/portal para una universidad chilena (check). (check) Semilla legacy sin verificación web actual. Región provisional; objetivo/alcance conservado sin separación inferida. Elegibilidad legacy Chile: Sí (check) ; universidad: Sí (check)","Todas las etapas","Investigación básica; Investigación aplicada; Interdisciplinaria","No claro (check)","No encontrado","call_aa9113c2b783e4310b40"
"Open Funding Inquiry / Research Grants","Templeton World Charity Foundation Grants","Templeton World Charity Foundation","No encontrado","Organismos sin adscripción exclusiva a un continente","No encontrado","Psicología; Filosofía; Ciencias Sociales; Cognición; Educación; Interdisciplinario","Financia proyectos innovadores que expanden el conocimiento científico y exploran preguntas sobre significado, propósito, verdad, florecimiento humano y áreas relacionadas.","No encontrado","Investigadores/as, equipos u organizaciones que respondan a prioridades o portafolios de la fundación.","No encontrado","No encontrado; depende de la prioridad o portafolio","No encontrado","Investigación, desarrollo de herramientas, personal, actividades de proyecto, innovación y diseminación según prioridad.","No encontrado","No encontrado","Página vigente consultada en 2026; ciclos definidos por prioridades y portal","Irregular","https://www.templetonworldcharity.org/ | https://www.templetonworldcharity.org/about-us/our-strategy/core-funding-areas","No claro (check)","No se encontró una convocatoria universal única; opera por prioridades/portafolios. Elegibilidad para universidad chilena debe confirmarse en el portal de cada llamado (check). (check) Semilla legacy sin verificación web actual. Región provisional; objetivo/alcance conservado sin separación inferida. Elegibilidad legacy Chile: Sí (check) ; universidad: Sí (check)","Todas las etapas","Investigación básica; Investigación aplicada; Interdisciplinaria","No claro (check)","No encontrado","call_f8703d9c26adac735d60"
"Fondo Conjunto de Cooperación Chile-México 2026","Fondo Conjunto de Cooperación Chile-México","AGCID (Chile) y AMEXCID (México)","No encontrado","América Latina y el Caribe","No encontrado","Interdisciplinario; políticas públicas; desarrollo sostenible; investigación aplicada posible (check)","Financia proyectos conjuntos de cooperación técnica entre instituciones de Chile y México. Puede ser pertinente para equipos universitarios cuando el proyecto tiene componente de investigación aplicada, fortalecimiento institucional o generación de evidencia para políticas públicas.","No encontrado","Instituciones del sector público de Chile y México; entidades privadas sin fines de lucro orientadas al interés público y con financiamiento público, según bases; investigadores/as universitarios pueden impulsar propuestas vía patrocinio institucional (check).","No claro (check)","Hasta USD 250.000 por proyecto, según difusión institucional universitaria","USD","Asesorías, intercambio de expertos, capacitación, información/difusión y otras iniciativas aprobadas; gastos de investigación directa no siempre aparecen como rubro autónomo (check)","No encontrado","No encontrado","Abrió el 24-08-2026; cierre 30-10-2026, 23:59 hora de México","Anual","https://www.agcid.gob.cl/becas/353-fondo-chile-mexico/convocatorias | https://www.agci.gov.cl/noticias/2663-fondo-conjunto-de-cooperacion-chile-mexico-abre-convocatoria-2026 | https://investigacion.fen.uchile.cl/noticia/Convocatoria%2Bdel%2BFondo%2BConjunto%2Bde%2BCooperaci%C3%B3n%2BChile%2B-%2BM%C3%A9xico%2B2026","No claro (check)","1 - No es un grant académico puro; el énfasis oficial es cooperación técnica. Conviene verificar con VID/AGCID si una propuesta de investigación FACSO puede quedar como componente central. (check) Semilla legacy sin verificación web actual. Región provisional; objetivo/alcance conservado sin separación inferida. Elegibilidad legacy Chile: Sí ; universidad: Sí (check)","Todas las etapas","Investigación aplicada; cooperación técnica; interdisciplinaria (check)","No claro (check)","No encontrado","call_db0328f9dd74e23a6748"
"Programa de Cooperação Latino-Americana e Caribenha em Ciência, Tecnologia e Inovação - PROSUL Pepe Mujica","PROSUL Pepe Mujica; articulación con AUGM","CNPq / MCTI Brasil","No encontrado","América Latina y el Caribe","No encontrado","Ciencias humanas y sociales; educación; cultura; política; desigualdades; migraciones; ambiente; interdisciplinario","Apoya proyectos de investigación colaborativa para fortalecer la cooperación científica, tecnológica y de innovación entre Brasil y otros países de América Latina y el Caribe, incluyendo un eje de ciencias humanas y sociales centrado en procesos sociales, históricos, educativos, culturales y políticos regionales.","No encontrado","Redes y equipos de investigación con al menos una institución brasileña y una institución de otro país de América Latina y/o el Caribe; participación de universidades chilenas por pertenencia regional y red AUGM (check).","No claro (check)","Valor global de la convocatoria R$ 50.000.000; hasta aprox. CLP $262.000.000 por proyecto según difusión universitaria chilena (check)","No encontrado","Becas, gastos operativos/custeio, movilidad, redes y actividades de investigación colaborativa","Ejecución 2026-2030 según difusión institucional uruguaya; duración específica por modalidad no encontrada","No encontrado","Convocatoria 2026; apertura 28-01-2026; plazo prorrogado hasta mayo de 2026 según comunicados; convocatoria en análisis/cerrada","Irregular","https://www.gov.br/cnpq/pt-br/chamadas/todas-as-chamadas/chamadas-2026/chamada-no-02-2026/chamada-publica-mcti-cnpq-no-02-2026-programa-de-cooperacao-latino-americana-e-caribenha-em-ciencia-tecnologia-e-inovacao-prosul-pepe-mujica | https://www.gov.br/cnpq/pt-br/assuntos/noticias/cnpq-em-acao/prosul-pepe-mujica-vai-financiar-projetos-para-fortalecer-a-infraestrutura-cientifica-da-america-latina/ | https://www.gub.uy/ministerio-educacion-cultura/comunicacion/noticias/continua-abierta-convocatoria-programa-cooperacion-cientifica-pepe-mujica | https://investigacion.uc.cl/concursos/programa-de-cooperacao-latino-americana-e-caribenha-em-ciencia-tecnologia-e-inovacao-prosul-pepe-mujica/","No claro (check)","1 - Instrumento altamente pertinente para equipos chilenos, pero conviene revisar modalidad exacta de liderazgo y flujo de fondos para la institución chilena. (check) Semilla legacy sin verificación web actual. Región provisional; objetivo/alcance conservado sin separación inferida. Elegibilidad legacy Chile: Sí ; universidad: Sí","Todas las etapas; equipos consolidados y emergentes (check)","Investigación básica; investigación aplicada; interdisciplinaria; I+D","No claro (check)","No encontrado","call_ee2b453c68eee5500bec"
"Joint Call for Proposals PROASA-FAPESP and ANID 2025","Programa FAPESP para o Atlântico Sul e Antártica (PROASA)","FAPESP (Brasil, Estado de São Paulo) y ANID (Chile)","No encontrado","América Latina y el Caribe","No encontrado","Interdisciplinario; ciencias sociales y humanas aplicadas a ambiente, sostenibilidad, territorio, océano y Antártica (check)","Convocatoria bilateral para proyectos conjuntos entre investigadores/as de São Paulo y Chile en temas del Atlántico Sur y la Antártica, con posibles enfoques inter/transdisciplinarios vinculados a dimensiones sociales y ambientales.","No encontrado","Investigadores/as elegibles bajo FAPESP en instituciones de São Paulo y equipos chilenos elegibles bajo ANID; requiere diseño y presentación conjunta del proyecto.","No claro (check)","No encontrado","No encontrado","Costos de investigación según reglas de FAPESP Regular Research Grant y ANID; viajes y actividades conjuntas según convocatoria (check)","No encontrado","No encontrado","Convocatoria 2025; deadline FAPESP 01-09-2025; resultados publicados 23-01-2026","Irregular","https://fapesp.br/en/17591/joint-call-for-proposals-of-the-proasa-fapesp-program-and-agencia-nacional-de-investigacion-y-desarrollo-anid-2025 | https://fapesp.br/en/proasa | https://fapesp.br/17970/proasa-call-with-chilean-funding-agency-has-approved-proposals | https://investigacion.uc.cl/concursos/concurso-anid-fapesp-2025/","No claro (check)","1 - Muy pertinente para Chile-Brasil, pero área temática ambiental/oceánica limita pertinencia para FACSO salvo proyectos socioambientales, territoriales, culturales o de gobernanza. (check) Semilla legacy sin verificación web actual. Región provisional; objetivo/alcance conservado sin separación inferida. Elegibilidad legacy Chile: Sí ; universidad: Sí","Todas las etapas; según requisitos ANID/FAPESP","Investigación básica; investigación aplicada; interdisciplinaria; I+D","No claro (check)","No encontrado","call_42cdaa041e0cf51de4a0"
"Capacidades estatales, transición energética y justicia climática","Convocatorias de investigación CLACSO","CLACSO","No encontrado","América Latina y el Caribe","No encontrado","Ciencias Sociales; políticas públicas; justicia climática; desarrollo; economía política; territorio","Convocatoria de investigación para equipos CLACSO orientada al mapeo y análisis de políticas públicas innovadoras con enfoque de justicia fiscal en América Latina y el Caribe, con foco que incluye Chile.","No encontrado","Equipos de investigación de CLACSO; convocatoria con foco territorial Argentina, Costa Rica, Chile, El Salvador, Paraguay y Perú.","No encontrado","No encontrado","No encontrado","Investigación regional, mapeo, análisis de políticas públicas, elaboración de productos de investigación; rubros financieros no encontrados","No encontrado","No encontrado","Convocatoria publicada en 2026; última versión verificable publicada hace 2 meses al momento de búsqueda","Puntual","https://www.clacso.org/capacidades-estatales-transicion-energetica-y-justicia-climatica-2/ | https://www.clacso.org/becas/","No claro (check)","1 - Falta verificar bases completas, monto y condiciones financieras; alta pertinencia temática para ciencias sociales y políticas públicas. (check) Semilla legacy sin verificación web actual. Región provisional; objetivo/alcance conservado sin separación inferida. Elegibilidad legacy Chile: Sí ; universidad: Sí (check)","Todas las etapas (check)","Investigación aplicada; interdisciplinaria","No claro (check)","No encontrado","call_4d94c1b9bfe2b519c9a1"
"Libertad Académica en el Sur Global: aprendizajes sociales e institucionales desde América Latina, el Caribe y África","Convocatorias de investigación CLACSO; colaboración Sur-Sur CLACSO-CODESRIA","CLACSO y CODESRIA","No encontrado","América Latina y el Caribe","No encontrado","Ciencias Sociales; Humanidades; educación superior; libertad académica; democracia; derechos humanos","Convocatoria para investigaciones sobre libertad académica en el Sur Global, orientada a aprendizajes sociales e institucionales desde América Latina, el Caribe y África.","No encontrado","Investigadores/as y equipos; no se aceptan postulantes que sean becarios/as vigentes de otras convocatorias de investigación, becas o ensayos CLACSO/CODESRIA.","No encontrado","No encontrado","No encontrado","Desarrollo de investigación y publicación de resultados; rubros financieros no encontrados","No encontrado","No encontrado","Convocatoria publicada en 2026; última versión verificable publicada hace 7 meses al momento de búsqueda","Puntual","https://www.clacso.org/libertad-academica-en-el-sur-global-aprendizajes-sociales-e-institucionales-desde-america-latina-el-caribe-y-africa/ | https://www.clacso.org/becas/","No claro (check)","1 - Falta monto y detalle presupuestario; pertinente para educación superior, sociología del conocimiento, democracia y derechos académicos. (check) Semilla legacy sin verificación web actual. Región provisional; objetivo/alcance conservado sin separación inferida. Elegibilidad legacy Chile: Sí ; universidad: Sí (check)","Todas las etapas (check)","Investigación básica; investigación aplicada; interdisciplinaria","No claro (check)","No encontrado","call_d8ce535e168a834f3601"
"Strengthening Comparative Research and Critical Thinking on Academic Freedom in the Americas","Platforms for Social Dialogue Project","CLACSO y Coalition for Academic Freedom in the Americas (CAFA)","No encontrado","América Latina y el Caribe","No encontrado","Ciencias Sociales; Humanidades; educación superior; derechos humanos; democracia","Call for Research para apoyar grupos de investigación comparada sobre libertad académica en las Américas, con distribución regional que contempla América Latina y el Caribe.","No encontrado","Grupos de investigación; hasta 7 grupos apoyados, distribuidos por regiones de las Américas.","No encontrado","No encontrado","No encontrado","Investigación comparada, productos de investigación y discusión de resultados; rubros financieros no encontrados","No encontrado","No encontrado","Última versión verificable 2024; estado actual no vigente","Puntual","https://www.clacso.org/strengthening-comparative-research-and-critical-thinking-on-academic-freedom-in-the-americas/","No claro (check)","1 - Se conserva por trazabilidad histórica y posible recurrencia temática; verificar si abre nueva fase. (check) Semilla legacy sin verificación web actual. Región provisional; objetivo/alcance conservado sin separación inferida. Elegibilidad legacy Chile: Sí ; universidad: Sí (check)","Todas las etapas (check)","Investigación comparada; investigación aplicada; interdisciplinaria","No claro (check)","No encontrado","call_79852eeae3dfc9bfa6d3"
"Becas de investigador(a) visitante senior CALAS 2026","Centro Maria Sibylla Merian de Estudios Latinoamericanos Avanzados (CALAS)","CALAS / Universidad de Guadalajara y sedes regionales","No encontrado","América Latina y el Caribe","No encontrado","Ciencias Sociales; Humanidades; estudios latinoamericanos; crisis y transformaciones","Becas para académicos/as senior de América Latina y el Caribe que desarrollen proyectos de investigación en Humanidades o Ciencias Sociales durante una residencia en sedes CALAS.","No encontrado","Académicos/as destacados/as con doctorado, trayectoria y proyecto de investigación pertinente.","No","No encontrado","No encontrado","Beca de residencia, desarrollo de proyecto, participación en actividades CALAS; rubros específicos no encontrados","Tres meses de residencia, según convocatoria","No encontrado","Convocatoria 2026; página verificada en 2026","Anual / Recurrente (check)","https://calas.lat/es/convocatorias/becas-de-investigadora-visitante-senior-2026 | https://calas.lat/es/convocatoria","No claro (check)","1 - Pertinente para académicos/as FACSO senior, pero clasifica parcialmente como estancia; verificar si se quiere mantener bajo criterios estrictos. (check) Semilla legacy sin verificación web actual. Región provisional; objetivo/alcance conservado sin separación inferida. Elegibilidad legacy Chile: Sí ; universidad: Sí (check)","Consolidado","Investigación básica; interdisciplinaria","No claro (check)","No encontrado","call_2d4bc55f8abcf3ebaeed"
"CALAS-HIAS Research Fellowship Hamburg/Bielefeld 2027","CALAS-HIAS Research Fellowship","CALAS / Hamburg Institute for Advanced Study (HIAS) / Universität Bielefeld","No encontrado","América Latina y el Caribe","No encontrado","Ciencias Sociales; Humanidades; estudios latinoamericanos; geopolítica; transformación regional","Fellowship para destacados/as académicos/as de América Latina y el Caribe que desarrollen proyectos de investigación sobre cambios geopolíticos y transformación regional en América Latina.","No encontrado","Académicos/as destacados/as de América Latina y el Caribe con proyecto interdisciplinario pertinente.","No","No encontrado","No encontrado","Beca/residencia de investigación; detalles de rubros financieros no encontrados","Seis meses en total: cuatro meses en Hamburgo y dos meses en Universidad de Bielefeld","No encontrado","Convocatoria abierta hasta 17-05-2026 para fellowship 2027","Anual / Recurrente (check)","https://calas.lat/es/convocatoria","No claro (check)","1 - Aunque CALAS tiene sede principal en México, el financiamiento/residencia es parcialmente Alemania; mantener como oportunidad regional para investigadores LAC si se acepta categoría fellowship. (check) Semilla legacy sin verificación web actual. Región provisional; objetivo/alcance conservado sin separación inferida. Elegibilidad legacy Chile: Sí ; universidad: Sí (check)","Consolidado","Investigación básica; interdisciplinaria","No claro (check)","No encontrado","call_0d2f0da4c98511b74c1e"
"Sur Futuro / FutureWORKS - Llamado a propuestas de investigación 2026","FutureWORKS: Skills for a Sustainable and Inclusive Future of Work","Sur Futuro, iniciativa FutureWORKS del IDRC","No encontrado","América Latina y el Caribe","No encontrado","Ciencias Sociales; trabajo; educación; género; desarrollo; tecnología; políticas públicas; interdisciplinario","Financia propuestas de investigación innovadoras, rigurosas y de alto impacto sobre transformaciones del mundo del trabajo en América Latina y el Caribe, con perspectiva de género y orientación a políticas públicas.","No encontrado","Centros de investigación, universidades, think tanks, laboratorios de ideas y equipos de investigación de América Latina y el Caribe; universidades chilenas pueden liderar o integrar consorcios.","No encontrado","Hasta CAD 55.000 según difusión pública secundaria; confirmar en bases 2026 (check)","CAD","Investigación, diseño/piloto de soluciones, generación de evidencia, acciones de política pública; rubros específicos no encontrados","Hasta 12 meses según difusión pública secundaria; confirmar en bases 2026 (check)","No encontrado","Convocatoria 2026; shortlisted antes del 20-08-2026; llamada 2024 y 2026 verificadas","Recurrente","https://www.sur-futuro.org/llamado-propuestas-2026 | https://www.sur-futuro.org/futureworks | https://www.sur-futuro.org/llamado-a-investigaciones-2024 | https://pure.uai.cl/es/projects/futureworks-skills-for-a-sustainable-and-inclusive-future-of-work/","No claro (check)","1 - El financiamiento final proviene de IDRC, no de Argentina/Brasil/Uruguay/México; se incluye por operación regional LAC y clara elegibilidad chilena. (check) Semilla legacy sin verificación web actual. Región provisional; objetivo/alcance conservado sin separación inferida. Elegibilidad legacy Chile: Sí ; universidad: Sí","Todas las etapas; equipos de investigación","Investigación aplicada; interdisciplinaria","No claro (check)","No encontrado","call_bd40b4b09502c8d11a39"
"IICA-MINCyT - Proyectos interamericanos en bioeconomía","Convocatoria conjunta IICA-MINCyT","MINCyT Argentina e Instituto Interamericano de Cooperación para la Agricultura (IICA)","No encontrado","América Latina y el Caribe","No encontrado","Interdisciplinario; bioeconomía; desarrollo rural; políticas públicas; tecnologías aplicadas al agro; ciencias sociales aplicadas (check)","Invita a investigadores/as y científicos/as a presentar propuestas de investigación con proyección interamericana sobre bioeconomía y tecnologías aplicadas al agro, con contrapartes señaladas como Chile y México.","No encontrado","Equipos de investigación nacionales argentinos y contrapartes interamericanas; la fuente indica contrapartes Chile y México, pero el financiamiento MINCyT solo cubre grupos argentinos (check).","No claro (check)","No encontrado","No encontrado","Movilidades relacionadas con el proyecto e investigadores invitados; otros gastos no encontrados","No encontrado","No encontrado","Convocatoria 2024/2025 verificable en Argentina.gob.ar","Puntual","https://www.argentina.gob.ar/node/394216 | https://www.argentina.gob.ar/sites/default/files/2023/08/23-8-2023_convocatoria_iica_mincyt.pdf","No claro (check)","1 - Útil como antecedente de cooperación Argentina-Chile/México, pero no cumple plenamente el criterio de financiamiento directo a universidad chilena. (check) Semilla legacy sin verificación web actual. Región provisional; objetivo/alcance conservado sin separación inferida. Elegibilidad legacy Chile: No claro (check) ; universidad: No claro (check)","Todas las etapas (check)","Investigación aplicada; I+D; interdisciplinaria","No claro (check)","No encontrado","call_b66a586b99f12bd93512"
"Convenio Chile-Argentina para proyectos de investigación científica y tecnológica","Acuerdo marco / convenio de promoción de actividad científica y tecnológica Chile-Argentina","MINCyT Argentina y CONICYT/ANID Chile","No encontrado","América Latina y el Caribe","No encontrado","Todas las áreas; Ciencias Sociales y Humanidades potencialmente elegibles según convocatoria específica (check)","Marco bilateral para colaborar en proyectos de investigación científica y tecnológica desarrollados por grupos de investigadores argentinos y chilenos; las áreas se definen en cada convocatoria.","No encontrado","Investigadores/as de universidades, instituciones de investigación estatales o privadas sin fines de lucro de Chile y Argentina, según antecedente histórico de convocatorias de intercambio.","No encontrado","No encontrado","No encontrado","Proyectos conjuntos; en antecedentes históricos financió intercambio/movilidad, no necesariamente ejecución completa de investigación (check)","No encontrado","No encontrado","Convenio vigente/histórico verificado; convocatorias específicas recientes no encontradas","Irregular","https://www.conicyt.cl/sobre-conicyt/convenios/convenios-internacionales/acuerdo-marco-de-promocion-de-la-actividad-cientifica-y-tecnologica-entre-la-comision-nacional-de-investigacion-cientifica-y-tecnologica-de-la-republica-de-chile-y-el-ministerio-de-ciencia-tecnologia/ | https://www.conicyt.cl/sobre-conicyt/convenios/convenios-internacionales/convenio-de-promocion-de-la-actividad-cientifica-y-tecnologica-de-la-republica-de-chile-la-agencia-nacional-de-promocion-cientifica-y-tecnologica-y-la-direccion-nacional-de-relaciones-internacionale/ | https://www.conicyt.cl/pci/2009/05/proyectos-de-intercambio-conicytmincyt-argentina-convocatoria-2009/","No claro (check)","1 - No encontré convocatoria abierta reciente de investigación Chile-Argentina; mantener como alerta de monitoreo, no como oportunidad vigente. (check) Semilla legacy sin verificación web actual. Región provisional; objetivo/alcance conservado sin separación inferida. Elegibilidad legacy Chile: Sí ; universidad: Sí","Todas las etapas (check)","Investigación básica; investigación aplicada; interdisciplinaria","No claro (check)","No encontrado","call_1bb9607f4b76298ac899"
"CLIMAT-AmSud 2026","Programas Regionales AmSud","Programa Regional CLIMAT-AmSud; agencias contraparte de Argentina, Brasil, Chile, Colombia, Paraguay, Perú y Uruguay, con cooperación francesa","No encontrado","América Latina y el Caribe","No encontrado","Cambio climático; interdisciplinario; ciencias sociales y humanas; ambiente; territorio","Promueve y fortalece colaboración y redes de investigación-desarrollo sobre variabilidad y cambio climático mediante proyectos conjuntos; admite disciplinas sociales y humanas con enfoque interdisciplinario.","No encontrado","Equipos de investigación de países participantes, incluyendo Chile, Argentina, Brasil y Uruguay; requiere coordinación internacional del proyecto.","No claro (check)","No encontrado","No encontrado","Actividades de investigación-desarrollo y cooperación; en programas AmSud suele financiar movilidad/coordinación, por lo que se debe revisar si cubre costos de ejecución (check)","No encontrado","No encontrado","Convocatoria 2026; informe de avance antes del 01-10-2026 según fuente; fecha de cierre no encontrada en fuente consultada","Anual","https://agro.uba.ar/internacionales/convocatorias/3596","No claro (check)","1 - Muy pertinente para ciencias sociales ambientales, pero falta fuente primaria con bases completas y monto; posible sesgo a movilidad/redes. (check) Semilla legacy sin verificación web actual. Región provisional; objetivo/alcance conservado sin separación inferida. Elegibilidad legacy Chile: Sí ; universidad: Sí","Todas las etapas; equipos de investigación","Investigación aplicada; I+D; interdisciplinaria","No claro (check)","No encontrado","call_eaa381b4bbab58d0c93d"
"Fondo Conjunto de Cooperación Técnica y Científica Uruguay-México 2025","Fondo Conjunto Uruguay-México","AUCI Uruguay y AMEXCID México","No encontrado","América Latina y el Caribe","No encontrado","Interdisciplinario; salud; desarrollo sostenible; cultura; educación; ciencia aplicada (check)","Promueve proyectos técnicos y científicos en áreas clave para el desarrollo sostenible entre México y Uruguay; admite entidades académicas/de investigación sin fines de lucro asociadas a organismos públicos de sus países.","No encontrado","Instituciones del sector público de México y Uruguay; entidades académicas, de investigación, asociaciones y organizaciones civiles sin fines de lucro asociadas con organismo público de su país. La participación de terceros actores se menciona como posibilidad, pero no como postulantes principales (check).","No claro (check)","Ejemplo de resultado: proyecto UNAM-INIA por USD 95.000; monto máximo general no encontrado","USD","Cooperación técnica y científica; actividades de proyecto aprobadas; fondos administrados según reglas AUCI/AMEXCID/PNUD (check)","Programa 2025-2027","No encontrado","VI Convocatoria 2025; cierre 15-07-2025; resultados para programa 2025-2027","Irregular / Recurrente","https://www.gub.uy/agencia-uruguaya-cooperacion-internacional/comunicacion/convocatorias/vi-convocatoria-fondo-conjunto-cooperacion-tecnica-cientifica-uruguay | https://www.gob.mx/amexcid/documentos/vi-convocatoria-2025-fondo-mexico-uruguay | https://www.gub.uy/ministerio-educacion-cultura/comunicacion/noticias/uruguay-mexico-renuevan-lazos-estrategicos-cooperacion | https://www.fing.edu.uy/sites/default/files/2025-06/bases-vi-convocatoria-2025-fondo-uy-mx_0.pdf","No claro (check)","1 - No cumple plenamente criterio de elegibilidad chilena como responsable; se incluye por pedido específico de México/Uruguay y posible rol como tercer actor. (check) Semilla legacy sin verificación web actual. Región provisional; objetivo/alcance conservado sin separación inferida. Elegibilidad legacy Chile: No claro (check) ; universidad: No claro (check)","Todas las etapas (check)","Investigación aplicada; cooperación técnica y científica; interdisciplinaria","No claro (check)","No encontrado","call_ff072cefc8f49e5b6787"
"Convocatoria conjunta EU-LAC en Ciencia, Tecnología e Innovación 2025","Espacio Común de Investigación EU-LAC","Grupo de Interés EU-LAC; ANII Uruguay y otras agencias participantes","No encontrado","América Latina y el Caribe","No encontrado","Interdisciplinario; depende de ejes temáticos de cada convocatoria; ciencias sociales potenciales según tema (check)","Apoya proyectos internacionales de investigación en el marco del espacio común de investigación EU-LAC. Uruguay participa a través de ANII para financiar grupos uruguayos; la elegibilidad chilena depende de la participación de agencia chilena en el llamado específico.","No encontrado","Consorcios internacionales con grupos de los países/agencias participantes; Chile no aparece confirmado en la ficha ANII consultada (check).","No claro (check)","No encontrado","No encontrado","Gastos de investigación según reglas de cada agencia nacional; ANII financia grupos uruguayos","No encontrado","No encontrado","24-02-2025 a 22-05-2025 según ANII","Irregular","https://anii.org.uy/apoyos/investigacion/ | https://www.anii.org.uy/upcms/files/llamados/informecierre/informe-cierre-convocatoria-eulac-2025.pdf","No claro (check)","1 - Requiere verificar convocatoria EU-LAC específica para confirmar elegibilidad y financiamiento chileno; no asumir postulabilidad directa. (check) Semilla legacy sin verificación web actual. Región provisional; objetivo/alcance conservado sin separación inferida. Elegibilidad legacy Chile: No claro (check) ; universidad: No claro (check)","Todas las etapas; equipos de investigación","Investigación básica; investigación aplicada; interdisciplinaria; I+D","No claro (check)","No encontrado","call_7080c950ae831c5b5617"
"Belmont Forum OCEAN 2 - Annex ANII Uruguay","Belmont Forum Collaborative Research Action OCEAN 2","Belmont Forum; ANII Uruguay como agencia participante","No encontrado","América Latina y el Caribe","No encontrado","Ciencias Sociales; Humanidades; economía; ambiente; océanos; transdisciplinario","Convocatoria transdisciplinaria para desafíos ambientales globales relacionados con océanos, con requisito de consorcios de tres o más países y participación de ciencias sociales/humanidades/economía, ciencias naturales y socios sociales.","No encontrado","Consorcios de al menos tres participantes de tres países distintos que soliciten apoyo de al menos tres organizaciones de financiamiento participantes; ANII financia grupos uruguayos.","No claro (check)","No encontrado","No encontrado","Investigación transdisciplinaria, codiseño, implementación conjunta, trabajo con socios sociales; gastos según anexos nacionales","No encontrado","No encontrado","Convocatoria 2025; ficha ANII verificada en 2026","Irregular","https://anii.org.uy/apoyos/investigacion/519/convocatoria-belmont-forum-ocean-2/","No claro (check)","1 - Pertinente para ciencias sociales ambientales, pero la fuente uruguaya no confirma financiamiento para equipos chilenos. (check) Semilla legacy sin verificación web actual. Región provisional; objetivo/alcance conservado sin separación inferida. Elegibilidad legacy Chile: No claro (check) ; universidad: No claro (check)","Todas las etapas; equipos de investigación","Investigación aplicada; interdisciplinaria; transdisciplinaria","No claro (check)","No encontrado","call_8aeded1e7802916cf2a4"
